CD_TYPO_ENTRE;CD_HAB_ENTRE;LB_CODE_ENTRE;LB_HAB_ENTRE;LB_TYPE_REL;LB_CONDITION;LB_REMARQUES;CD_TYPO_SORTIE;CD_HAB_SORTIE;LB_CODE_SORTIE;LB_HAB_SORTIE
28;24433;;<em>Sagino maritimae - Catapodietum marini</em> Txen in Txen & Westhoff 1963;;;;8;2706;1310;V‚g‚tations pionniŠres … Salicornia et autres espŠces annuelles des zones boueuses et sableuses
28;24435;;<em>Soncho oleracei - Cochlearietum danicae</em> G‚hu & de Foucault ex de Foucault & Bioret 2010;;;;8;2706;1310;V‚g‚tations pionniŠres … Salicornia et autres espŠces annuelles des zones boueuses et sableuses
28;24437;;<em>Catapodio marini - Trifolietum scabri</em> G‚hu & de Foucault 1978;;;;8;2706;1310;V‚g‚tations pionniŠres … Salicornia et autres espŠces annuelles des zones boueuses et sableuses
28;24440;;<em>Senecioni leucanthemifolii - Nanantheetum perpusillae</em> Gamisans ex Biondi, Filigheddu & Farris 2001;;;;8;2706;1310;V‚g‚tations pionniŠres … Salicornia et autres espŠces annuelles des zones boueuses et sableuses
28;24453;;<em>Centaurio acutiflori - Hordeetum gussoneani</em> Gamisans 1990;;;;8;2706;1310;V‚g‚tations pionniŠres … Salicornia et autres espŠces annuelles des zones boueuses et sableuses
28;26435;;<em>Veronico nummulariae - Ranunculetum alpestris</em> Corriol 2014;;;;8;2869;6170;Pelouses calcaires alpines et subalpines
28;26448;;<em>Salici herbaceae - Caricetum lachenalii</em> B‚guin & Theurillat 1982;;;;8;2861;6150;Pelouses bor‚o-alpines siliceuses
28;24117;;<em>Crypsio schoenoidis - Cyperetum micheliani</em> Martinez Parras, Peinado Lorca, Bartolom‚ Esteban & Molero Mesa 1988;;;;8;2760;3170;Mares temporaires m‚diterran‚ennes
28;23882;;<em>Junco capitati - Morisietum monanthi</em> Gamisans 1976;;;;8;2760;3170;Mares temporaires m‚diterran‚ennes
28;23902;;<em>Spirodelo - Lemnetum minoris</em> Mll. & G”rs 1960;;;;8;2767;3260;RiviŠres des ‚tages planitiaire … montagnard avec v‚g‚tation du Ranunculion fluitantis et du Callitricho-Batrachion
28;23913;;<em>Utricularietum australis</em> T. Mll. & G”rs 1960;;;;8;2758;3150;Lacs eutrophes naturels avec v‚g‚tation du Magnopotamion ou de l'Hydrocharition
28;23914;;<em>Spirodelo - Aldrovandetum vesiculosae</em> Borhidi & J rai-Koml¢di 1959;;;;8;2758;3150;Lacs eutrophes naturels avec v‚g‚tation du Magnopotamion ou de l'Hydrocharition
28;23928;;<em>Potamo polygonifolii - Scirpetum fluitantis</em> Allorge 1922;;;;8;2703;3110;Eaux oligotrophes trŠs peu min‚ralis‚es des plaines sablonneuses (Littorelletalia uniflorae)
28;23937;;<em>Littorello uniflorae - Isoetetum tenuissimae</em> Allorge & Gaume ex G‚hu & de Foucault 1988;;;;8;2703;3110;Eaux oligotrophes trŠs peu min‚ralis‚es des plaines sablonneuses (Littorelletalia uniflorae)
28;23940;;<em>Eleocharito acicularis - Marsileetum quadrifoliae</em> Ubriszy ex Pietsch 1977;;;;8;2756;3130;Eaux stagnantes, oligotrophes … m‚sotrophes avec v‚g‚tation des Littorelletea uniflorae et/ou des Isoeto-Nanojuncetea
28;23957;;<em>Aconito neapolitani - Imperatorietum ostruthii</em> Braun-Blanq. 1948 corr. de Foucault & Corriol 2013;;;;8;2835;6430;"M‚gaphorbiaies hygrophiles d&#39;ourlets planitiaires et des ‚tages montagnard … alpin"
28;23971;;<em>Polygonato verticillati - Adenostyletum alliariae</em> de Foucault 1999;;;;8;2835;6430;"M‚gaphorbiaies hygrophiles d&#39;ourlets planitiaires et des ‚tages montagnard … alpin"
28;23996;;<em>Galio hercynici - Festucetum tenuifoliae</em> Rasch ex Stieperaere 1969;;;;8;2797;6230;Formations herbeuses … Nardus, riches en espŠces, sur substrats siliceux des zones montagnardes (et des zones submontagnardes de l'Europe continentale)
28;23999;;<em>Jasiono laevis - Danthonietum decumbentis</em> Loidi 1983;;;;8;2797;6230;Formations herbeuses … Nardus, riches en espŠces, sur substrats siliceux des zones montagnardes (et des zones submontagnardes de l'Europe continentale)
28;24011;;<em>Carici arenariae - Luzuletum campestris</em> de Foucault 2008;;En croisement avec 2130.;;8;2797;6230;Formations herbeuses … Nardus, riches en espŠces, sur substrats siliceux des zones montagnardes (et des zones submontagnardes de l'Europe continentale)
28;24026;;<em>Trifolio alpini - Nardetum strictae</em> Th‚baud 2006;;;;8;2797;6230;Formations herbeuses … Nardus, riches en espŠces, sur substrats siliceux des zones montagnardes (et des zones submontagnardes de l'Europe continentale)
28;24044;;<em>Festuco microphyllae - Nardetum strictae</em> Txen & Oberd. 1958;;;;8;2797;6230;Formations herbeuses … Nardus, riches en espŠces, sur substrats siliceux des zones montagnardes (et des zones submontagnardes de l'Europe continentale)
28;23846;;<em>Sphagno compacti - Ericetum tetralicis</em> (Cl‚ment 1981) Th‚baud 2012;;;;8;2826;7120;TourbiŠres hautes d‚grad‚es encore susceptibles de r‚g‚n‚ration naturelle
28;23851;;<em>Vaccinio microcarpi - Sphagnetum fusci</em> Th‚baud & P‚tel 2008;;;;8;2821;7110;TourbiŠres hautes actives
28;23853;;<em>Dicrano bergeri - Callunetum vulgaris</em> Th‚baud & P‚tel 2008;;;;8;2821;7110;TourbiŠres hautes actives
28;23881;;<em>Centunculo minimi - Isolepidetum setaceae</em> Braun-Blanq. & Txen 1952;;;;8;2756;3130;Eaux stagnantes, oligotrophes … m‚sotrophes avec v‚g‚tation des Littorelletea uniflorae et/ou des Isoeto-Nanojuncetea
28;23900;;<em>Lino cathartici - Blackstonietum perfoliatae</em> de Foucault & JuIve 2002;;;;8;2756;3130;Eaux stagnantes, oligotrophes … m‚sotrophes avec v‚g‚tation des Littorelletea uniflorae et/ou des Isoeto-Nanojuncetea
28;23918;;<em>Ceratophylletum demersi</em> Corillion 1957;;;;8;2767;3260;RiviŠres des ‚tages planitiaire … montagnard avec v‚g‚tation du Ranunculion fluitantis et du Callitricho-Batrachion
28;23918;;<em>Ceratophylletum demersi</em> Corillion 1957;;;;8;2758;3150;Lacs eutrophes naturels avec v‚g‚tation du Magnopotamion ou de l'Hydrocharition
28;23923;;<em>Junco heterophylli - Pilularietum globuliferae</em> J. Rodr¡guez et al. 1997;;;;8;2703;3110;Eaux oligotrophes trŠs peu min‚ralis‚es des plaines sablonneuses (Littorelletalia uniflorae)
28;23942;;<em>Isoeto lacustris - Sparganietum borderei</em> Braun-Blanq. 1948 emend. Lazare & Riba 2010;;;;8;2756;3130;Eaux stagnantes, oligotrophes … m‚sotrophes avec v‚g‚tation des Littorelletea uniflorae et/ou des Isoeto-Nanojuncetea
28;23952;;<em>Senecioni doronici - Calamagrostietum arundinaceae</em> (Luquet 1926) Carbiener 1969;;;;8;2835;6430;"M‚gaphorbiaies hygrophiles d&#39;ourlets planitiaires et des ‚tages montagnard … alpin"
28;23955;;<em>Luzulo sylvaticae - Calamagrostietum arundinaceae</em> Michalet & Philippe 1994;;;;8;2835;6430;"M‚gaphorbiaies hygrophiles d&#39;ourlets planitiaires et des ‚tages montagnard … alpin"
28;23966;;<em>Doronico austriaci - Campanuletum latifoliae</em> Qu‚zel & Rioux 1954;;;;8;2835;6430;"M‚gaphorbiaies hygrophiles d&#39;ourlets planitiaires et des ‚tages montagnard … alpin"
28;23982;;<em>Veratro albi - Luzuletum desvauxii</em> Michalet & Philippe 1994;;;;8;2835;6430;"M‚gaphorbiaies hygrophiles d&#39;ourlets planitiaires et des ‚tages montagnard … alpin"
28;23992;;<em>Carici binervis - Agrostietum curtisii</em> de Foucault & G‚hu ex de Foucault 2012;;;;8;2797;6230;Formations herbeuses … Nardus, riches en espŠces, sur substrats siliceux des zones montagnardes (et des zones submontagnardes de l'Europe continentale)
28;23994;;<em>Gladiolo dubii - Agrostietum curtisii</em> de Foucault 1993 corr. 2008;;;;8;2797;6230;Formations herbeuses … Nardus, riches en espŠces, sur substrats siliceux des zones montagnardes (et des zones submontagnardes de l'Europe continentale)
28;23997;;<em>Hyperico maculati - Meetum athamantici</em> (Schumacker 1975) de Foucault & Schumacker 2012;;;;8;2797;6230;Formations herbeuses … Nardus, riches en espŠces, sur substrats siliceux des zones montagnardes (et des zones submontagnardes de l'Europe continentale)
28;24007;;<em>Polygalo vulgaris - Caricetum caryophylleae</em> Misset 2002;;;Absent des Cahiers d'habitats et … rapprocher du 6230(-3).;8;2797;6230;Formations herbeuses … Nardus, riches en espŠces, sur substrats siliceux des zones montagnardes (et des zones submontagnardes de l'Europe continentale)
28;24023;;<em>Leontodonto helvetici - Nardetum strictae</em> Bartsch & Bartsch 1940;;;;8;2797;6230;Formations herbeuses … Nardus, riches en espŠces, sur substrats siliceux des zones montagnardes (et des zones submontagnardes de l'Europe continentale)
28;24033;;<em>Campanulo rotundifoliae - Nardetum strictae</em> B‚guin in Theurillat & B‚guin 1985;;;;8;2797;6230;Formations herbeuses … Nardus, riches en espŠces, sur substrats siliceux des zones montagnardes (et des zones submontagnardes de l'Europe continentale)
28;24076;;<em>Acini corsici - Tanacetetum tomentosi</em> Litard. & Malcuit ex Gamisans 1977;;;;8;2869;6170;Pelouses calcaires alpines et subalpines
28;24077;;<em>Geo montani - Phleetum brachystachyi</em> Gamisans 1977;;;;8;2869;6170;Pelouses calcaires alpines et subalpines
28;24082;;<em>Solano dulcamarae - Tamaricetum gallicae</em> de Foucault 2008;;;;8;2723;92D0;Galeries et fourr‚s riverains m‚ridionaux (Nerio-Tamaricetea et Securinegion tinctoriae)
28;24089;;<em>Nerio oleandri - Viticetum agni-casti</em> Paradis 2006;;;;8;2723;92D0;Galeries et fourr‚s riverains m‚ridionaux (Nerio-Tamaricetea et Securinegion tinctoriae)
28;24095;;<em>Narthecio ossifragi - Sphagnetum auriculati</em> Lieurade & Thomassin in Th‚baud 2012;;;;8;2826;7120;TourbiŠres hautes d‚grad‚es encore susceptibles de r‚g‚n‚ration naturelle
28;23849;;<em>Sphagno tenelli - Trichophoretum cespitosi</em> Osvald 1925;;;;8;2825;7150;D‚pressions sur substrats tourbeux du Rhynchosporion
28;24163;;<em>Soncho arvensis - Rumicetum rupestris</em> (G‚hu & G‚hu-Franck 1969) Bioret & G‚hu 2002;;;;8;2656;1230;Falaises avec v‚g‚tation des c“tes atlantiques et baltiques
28;24289;;<em>Magnonitelletum translucentis</em> Corill. 1957;;;;8;2757;3140;Eaux oligo-m‚sotrophes calcaires avec v‚g‚tation benthique … Chara spp.
28;24290;;<em>Charetum fragiferae</em> Corill. 1949;;;;8;2757;3140;Eaux oligo-m‚sotrophes calcaires avec v‚g‚tation benthique … Chara spp.
28;24297;;<em>Charetum vulgaris</em> Corill. 1949;;;;8;2666;2190;D‚pressions humides intradunales
28;24299;;<em>Charetum imperfectae</em> Cirujano 1995;;;;8;2757;3140;Eaux oligo-m‚sotrophes calcaires avec v‚g‚tation benthique … Chara spp.
28;24307;;<em>Magnocharetum hispidae</em> Corill. 1957;;;;8;2666;2190;D‚pressions humides intradunales
28;24313;;<em>Charetum fragilis</em> Corill. 1949;;;;8;2711;1150;Lagunes c“tiŠres
28;24318;;<em>Charetum canescentis</em> Corill. 1957;;;;8;2666;2190;D‚pressions humides intradunales
28;24373;;<em>Irido pseudacori - Oenanthetum crocatae</em> Seytre 2011;;;;8;2835;6430;"M‚gaphorbiaies hygrophiles d&#39;ourlets planitiaires et des ‚tages montagnard … alpin"
28;24377;;<em>Symphyto officinalis - Cirsietum oleracei</em> G‚hu 2006;;;;8;2835;6430;"M‚gaphorbiaies hygrophiles d&#39;ourlets planitiaires et des ‚tages montagnard … alpin"
28;24401;;<em>Iso‰tetum duriaei</em> Braun-Blanq. (1931) 1936;;;;8;2760;3170;Mares temporaires m‚diterran‚ennes
28;24118;;<em>Heliotropio supini - Heleochloetum schoenoidis</em> Rivas Goday 1956;;;;8;2760;3170;Mares temporaires m‚diterran‚ennes
28;24407;;<em>Elatinetum macropodae</em> Braun-Blanq. 1936;;;;8;2760;3170;Mares temporaires m‚diterran‚ennes
28;24412;;<em>Bellido annuae - Lythretum borysthenici</em> (Poirion & Barbero 1966) de Foucault 2013;;;;8;2760;3170;Mares temporaires m‚diterran‚ennes
28;24424;;<em>Solenopsio laurentiae - Lythretum borysthenici</em> Paradis & Pozzo di Borgo 2005;;;;8;2756;3130;Eaux stagnantes, oligotrophes … m‚sotrophes avec v‚g‚tation des Littorelletea uniflorae et/ou des Isoeto-Nanojuncetea
28;24238;;<em>Paspalo distichi - Agrostietum semiverticillatae</em> Braun-Blanq. 1936;;;;8;2692;3290;RiviŠres intermittentes m‚diterran‚ennes du Paspalo-Agrostidion
28;24449;;<em>Spergularietum heldreichii</em> Molin. & Tallon 1970;;;;8;2706;1310;V‚g‚tations pionniŠres … Salicornia et autres espŠces annuelles des zones boueuses et sableuses
28;26445;;<em>Caricetum foetidae</em> Frey 1922;;;;8;2861;6150;Pelouses bor‚o-alpines siliceuses
28;26446;;<em>Luzuletum spadiceae</em> Braun-Blanq. in Braun-Blanq. & H. Jenny 1926;;;;8;2861;6150;Pelouses bor‚o-alpines siliceuses
28;20784;;<em>Junipero communis - Cytisetum scoparii</em> B. Foucault 1991;;;;8;2807;5130;Formations … Juniperus communis sur landes ou pelouses calcaires
28;20788;;<em>Plantagini holostei - Cytisetum oromediterranei</em> Arnaud, Gamisans & Gruber 1983;;;;8;2809;5120;Formations montagnardes … Cytisus purgans
28;23990;;<em>Agrostio curtisii - Avenuletum sulcatae</em> de Foucault (1986) 1993;;;;8;2797;6230;Formations herbeuses … Nardus, riches en espŠces, sur substrats siliceux des zones montagnardes (et des zones submontagnardes de l'Europe continentale)
28;24003;;<em>Festuco rubrae - Genistetum sagittalis</em> Issler 1927 emend. Oberd. 1957;;;;8;2797;6230;Formations herbeuses … Nardus, riches en espŠces, sur substrats siliceux des zones montagnardes (et des zones submontagnardes de l'Europe continentale)
28;24297;;<em>Charetum vulgaris</em> Corill. 1949;;;;8;2767;3260;RiviŠres des ‚tages planitiaire … montagnard avec v‚g‚tation du Ranunculion fluitantis et du Callitricho-Batrachion
28;24383;;<em>Fallopio dumetorum - Cucubaletum bacciferi</em> Passarge (1955) 1976;;;;8;2835;6430;"M‚gaphorbiaies hygrophiles d&#39;ourlets planitiaires et des ‚tages montagnard … alpin"
28;24116;;<em>Heleochloo schoenoidis - Fimbristylidetum bisumbellatae</em> Braun-Blanq. ex Braun-Blanq. & Rivas Goday in Rivas Goday 1955 corr. Brullo & Minissale 1998;;;;8;2760;3170;Mares temporaires m‚diterran‚ennes
28;23987;;<em>Carici piluliferae - Pseudarrhenatheretum longifolii</em> (Allorge 1941) de Foucault 1986;;;;8;2797;6230;Formations herbeuses … Nardus, riches en espŠces, sur substrats siliceux des zones montagnardes (et des zones submontagnardes de l'Europe continentale)
28;24008;;<em>Polygalo vulgaris - Alchemilletum xanthochlorae</em> Misset 2005;;;Absent des Cahiers d'habitats et … rapprocher du 6230(-3).;8;2797;6230;Formations herbeuses … Nardus, riches en espŠces, sur substrats siliceux des zones montagnardes (et des zones submontagnardes de l'Europe continentale)
28;23883;;<em>Cyperetum flavescentis</em> W. Koch ex Aichinger 1933;;En croisement avec 3130-5;;8;2760;3170;Mares temporaires m‚diterran‚ennes
28;23884;;<em>Stellario uliginosae - Scirpetum setacei</em> W. Koch ex Libbert 1932;;;;8;2756;3130;Eaux stagnantes, oligotrophes … m‚sotrophes avec v‚g‚tation des Littorelletea uniflorae et/ou des Isoeto-Nanojuncetea
28;23890;;<em>Isolepido setaceae - Centaurietum chloodis</em> Rivas Goday ex Brullo & Minissale 1998;;;;8;2756;3130;Eaux stagnantes, oligotrophes … m‚sotrophes avec v‚g‚tation des Littorelletea uniflorae et/ou des Isoeto-Nanojuncetea
28;23901;;<em>Lemnetum minoris</em> So? 1927;;;;8;2767;3260;RiviŠres des ‚tages planitiaire … montagnard avec v‚g‚tation du Ranunculion fluitantis et du Callitricho-Batrachion
28;23927;;<em>Hyperico elodis - Potametum oblongi</em> Allorge ex Braun-Blanq. & Txen 1952;;;;8;2767;3260;RiviŠres des ‚tages planitiaire … montagnard avec v‚g‚tation du Ranunculion fluitantis et du Callitricho-Batrachion
28;23935;;<em>Samolo valerandi - Baldellietum ranunculoidis</em> (Mll.-Stoll & G”tz 1962) Passarge 1999;;;;8;2703;3110;Eaux oligotrophes trŠs peu min‚ralis‚es des plaines sablonneuses (Littorelletalia uniflorae)
28;23950;;<em>Pediculari foliosae - Trollietum europaei </em> Carbiener 1966;;;;8;2835;6430;"M‚gaphorbiaies hygrophiles d&#39;ourlets planitiaires et des ‚tages montagnard … alpin"
28;23954;;<em>Heracleo sphondylii - Calamagrostietum arundinaceae</em> Michalet & Philippe 1994;;;;8;2835;6430;"M‚gaphorbiaies hygrophiles d&#39;ourlets planitiaires et des ‚tages montagnard … alpin"
28;23961;;<em>Valeriano montanae - Aconitetum pyrenaici</em> O. Bol•s & P. Monts. in O. Bol•s 1984;;;;8;2835;6430;"M‚gaphorbiaies hygrophiles d&#39;ourlets planitiaires et des ‚tages montagnard … alpin"
28;23969;;<em>Arabido cebennensis - Adenostyletum alliariae</em> Braun-Blanq. ex Delpech & de Foucault 1985;;;;8;2835;6430;"M‚gaphorbiaies hygrophiles d&#39;ourlets planitiaires et des ‚tages montagnard … alpin"
28;23970;;<em>Epilobio trigoni - Adenostyletum alliariae</em> Carbiener 1966;;;;8;2835;6430;"M‚gaphorbiaies hygrophiles d&#39;ourlets planitiaires et des ‚tages montagnard … alpin"
28;23978;;<em>Senecioni balbisiani - Peucedanetum ostruthii</em> Qu‚zel 1950;;;;8;2835;6430;"M‚gaphorbiaies hygrophiles d&#39;ourlets planitiaires et des ‚tages montagnard … alpin"
28;23979;;<em>Peucedano ostruthii - Cirsietum spinosissimi</em> G. & J. Braun-Blanq. 1931;;;;8;2835;6430;"M‚gaphorbiaies hygrophiles d&#39;ourlets planitiaires et des ‚tages montagnard … alpin"
28;23983;;<em>Pediculari foliosae - Geranietum sylvatici</em> Michalet & Philippe 1994;;;;8;2835;6430;"M‚gaphorbiaies hygrophiles d&#39;ourlets planitiaires et des ‚tages montagnard … alpin"
28;24002;;<em>Diantho sylvatici - Meetum athamantici</em> (Luquet 1926) de Foucault 1986;;;;8;2797;6230;Formations herbeuses … Nardus, riches en espŠces, sur substrats siliceux des zones montagnardes (et des zones submontagnardes de l'Europe continentale)
28;24009;;<em>Aveno pratensis - Genistelletum sagittalis</em> (Kuhn 1937) Oberd. 1957;;;;8;2797;6230;Formations herbeuses … Nardus, riches en espŠces, sur substrats siliceux des zones montagnardes (et des zones submontagnardes de l'Europe continentale)
28;24012;;<em>Carici trinervis - Nardetum strictae</em> de Foucault et al. 1978;;En croisement avec 6230.;;8;2684;2130;Dunes c“tiŠres fix‚es … v‚g‚tation herbac‚e (?dunes grises?)
28;24040;;<em>Polygalo serpyllifoliae - Nardetum strictae</em> NŠgre 1969 nom. inv. prop.;;;;8;2797;6230;Formations herbeuses … Nardus, riches en espŠces, sur substrats siliceux des zones montagnardes (et des zones submontagnardes de l'Europe continentale)
28;24046;;<em>Trifolio alpini - Selinetum pyrenaei</em> NŠgre 1969;;;;8;2797;6230;Formations herbeuses … Nardus, riches en espŠces, sur substrats siliceux des zones montagnardes (et des zones submontagnardes de l'Europe continentale)
28;24048;;<em>Festuco scabriculmis - Potentilletum valderiae</em> Guin. 1938 emend. Lacoste 1975;;;;8;2797;6230;Formations herbeuses … Nardus, riches en espŠces, sur substrats siliceux des zones montagnardes (et des zones submontagnardes de l'Europe continentale)
28;24073;;<em>Sagino piliferae - Caricetum caryophylleae</em> Gamisans 1977;;;;8;2869;6170;Pelouses calcaires alpines et subalpines
28;24075;;<em>Paronychio polygonifoliae - Armerietum multicipitis</em> Gamisans 1977;;;;8;2869;6170;Pelouses calcaires alpines et subalpines
28;24090;;<em>Rubo ulmifolii - Viticetum agni-casti</em> Paradis 2006;;;;8;2723;92D0;Galeries et fourr‚s riverains m‚ridionaux (Nerio-Tamaricetea et Securinegion tinctoriae)
28;24091;;<em>Erico scopariae - Nerietum oleandri</em> (Lavagne & Moutte 1971) de Foucault, Bensettiti, Noble & Paradis 2012;;;;8;2723;92D0;Galeries et fourr‚s riverains m‚ridionaux (Nerio-Tamaricetea et Securinegion tinctoriae)
28;23846;;<em>Sphagno compacti - Ericetum tetralicis</em> (Cl‚ment 1981) Th‚baud 2012;;;;8;2821;7110;TourbiŠres hautes actives
28;23847;;<em>Sphagno compacti - Trichophoretum germanici</em> (Oberd.) J. & M. Bartsch 1940;;;;8;2821;7110;TourbiŠres hautes actives
28;24130;;<em>Eleocharito palustris - Preslietum cervinae</em> Braun-Blanq. ex Moor 1937;;;;8;2760;3170;Mares temporaires m‚diterran‚ennes
28;24132;;<em>Loto preslii - Oenanthetum fistulosae</em> (Donker & Stevelink 1962) de Foucault 2012;;;;8;2661;1410;Pr‚s-sal‚s m‚diterran‚ens (Juncetalia maritimi)
28;24155;;<em>Junco maritimi - Iridetum spuriae</em> Molin. & Tallon 1969;;;;8;2661;1410;Pr‚s-sal‚s m‚diterran‚ens (Juncetalia maritimi)
28;24158;;<em>Festuco arundinaceae - Caricetum distantis</em> J. Duvign. 1967;;;;8;2662;1340;Pr‚s-sal‚s int‚rieurs
28;24300;;<em>Tolypelletum proliferae</em> Guerlesquin 1961;;;;8;2757;3140;Eaux oligo-m‚sotrophes calcaires avec v‚g‚tation benthique … Chara spp.
28;24304;;<em>Nitellopsietum obtusae</em> Dambska 1961;;;;8;2757;3140;Eaux oligo-m‚sotrophes calcaires avec v‚g‚tation benthique … Chara spp.
28;24305;;<em>Lychnothamnetum barbati</em> Ionescu-Teculescu 1972;;;;8;2711;1150;Lagunes c“tiŠres
28;24306;;<em>Charetum polyacanthae</em> Dambska ex Gabka & Pelechaty 2003;;;;8;2757;3140;Eaux oligo-m‚sotrophes calcaires avec v‚g‚tation benthique … Chara spp.
28;24310;;<em>Magnocharetum tomentosae</em> Corill. 1957;;;;8;2757;3140;Eaux oligo-m‚sotrophes calcaires avec v‚g‚tation benthique … Chara spp.
28;24321;;<em>Erico scopariae - Lavanduletum stoechadis</em> Braun-Blanq. ex Braun-Blanq., Molin. & Wagner 1940;;;;8;2657;1240;Falaises avec v‚g‚tation des c“tes m‚diterran‚ennes avec Limonium spp. end‚miques
28;20785;;<em>Narcisso capacis - Cytisetum scoparii</em> Bioret 2008;;;;8;2807;5130;Formations … Juniperus communis sur landes ou pelouses calcaires
28;24342;;<em>Valeriano repentis - Cirsietum oleracei</em> (Chouard 1926) de Foucault 2011;;;;8;2835;6430;"M‚gaphorbiaies hygrophiles d&#39;ourlets planitiaires et des ‚tages montagnard … alpin"
28;24345;;<em>Aconito napelli - Eupatorietum cannabini</em> Royer et al. 1990;;;;8;2835;6430;"M‚gaphorbiaies hygrophiles d&#39;ourlets planitiaires et des ‚tages montagnard … alpin"
28;24358;;<em>Chaerophyllo hirsuti - Valerianetum pyrenaicae</em> Vigo & Carreras in Carreras & Vigo 1984;;;;8;2835;6430;"M‚gaphorbiaies hygrophiles d&#39;ourlets planitiaires et des ‚tages montagnard … alpin"
28;24363;;<em>Aconito napelli - Chaerophylletum cicutariae</em> Gallandat 1982;;;;8;2835;6430;"M‚gaphorbiaies hygrophiles d&#39;ourlets planitiaires et des ‚tages montagnard … alpin"
28;24365;;<em>Senecioni doriae - Cirsietum monspessulani</em> de Foucault 2011;;;;8;2835;6430;"M‚gaphorbiaies hygrophiles d&#39;ourlets planitiaires et des ‚tages montagnard … alpin"
28;24393;;<em>Althaeo officinalis - Calystegietum sepium</em> Beeftink 1965;;;;8;2835;6430;"M‚gaphorbiaies hygrophiles d&#39;ourlets planitiaires et des ‚tages montagnard … alpin"
28;24394;;<em>Althaeetum officinalis</em> J. Duvign. 1967;;;;8;2835;6430;"M‚gaphorbiaies hygrophiles d&#39;ourlets planitiaires et des ‚tages montagnard … alpin"
28;24105;;<em>Elatino alsinastri - Juncetum tenageiae</em> Libbert ex W. Pietsch 1973;;;;8;2756;3130;Eaux stagnantes, oligotrophes … m‚sotrophes avec v‚g‚tation des Littorelletea uniflorae et/ou des Isoeto-Nanojuncetea
28;24113;;<em>Callitricho stagnalis - Polygonetum hydropiperis</em> de Foucault 1989;;;;8;2756;3130;Eaux stagnantes, oligotrophes … m‚sotrophes avec v‚g‚tation des Littorelletea uniflorae et/ou des Isoeto-Nanojuncetea
28;24115;;<em>Ilysantho attenuatae - Cyperetum micheliani</em> Corill. 1971;;;;8;2756;3130;Eaux stagnantes, oligotrophes … m‚sotrophes avec v‚g‚tation des Littorelletea uniflorae et/ou des Isoeto-Nanojuncetea
28;24225;;<em>Cirsio monspessulani - Holoschoenetum vulgaris</em> Braun-Blanq. ex Tchou 1948;;;;8;2834;6420;Prairies humides m‚diterran‚ennes … grandes herbes du Molinio-Holoschoenion
28;24226;;<em>Fuirenetum pubescentis</em> Paradis 2009;;;;8;2834;6420;Prairies humides m‚diterran‚ennes … grandes herbes du Molinio-Holoschoenion
28;24259;;<em>Salicetum helveticae</em> Braun-Blanq., Pallmann & Bach 1954;;;;8;2698;4080;Fourr‚s de Salix spp. subarctiques
28;24436;;<em>Desmazerio marinae - Brometum ferronii</em> Bioret 1994;;;;8;2706;1310;V‚g‚tations pionniŠres … Salicornia et autres espŠces annuelles des zones boueuses et sableuses
28;24452;;<em>Polypogonetum subspathacei</em> Gamisans 1990;;;;8;2706;1310;V‚g‚tations pionniŠres … Salicornia et autres espŠces annuelles des zones boueuses et sableuses
28;26433;;<em>Salicetum retuso - reticulatae</em> Braun-Blanq. in Braun-Blanq. & H. Jenny 1926;;;;8;2869;6170;Pelouses calcaires alpines et subalpines
28;24306;;<em>Charetum polyacanthae</em> Dambska ex Gabka & Pelechaty 2003;;;;8;2711;1150;Lagunes c“tiŠres
28;24395;;<em>Arundini donacis - Convolvuletum sepium</em> O. Bol•s 1962;;;;8;2835;6430;"M‚gaphorbiaies hygrophiles d&#39;ourlets planitiaires et des ‚tages montagnard … alpin"
28;24315;;<em>Lamprothamnietum papulosi</em> Corill. 1953;;;;8;2711;1150;Lagunes c“tiŠres
28;24423;;<em>Junco pygmaei - Ranunculetum revelieri</em> Paradis & Pozzo di Borgo 2005;;;;8;2756;3130;Eaux stagnantes, oligotrophes … m‚sotrophes avec v‚g‚tation des Littorelletea uniflorae et/ou des Isoeto-Nanojuncetea
28;23919;;<em>Isoeto lacustris - Lobelietum dortmannae</em> Txen 1937 emend. Dierssen 1975;;;;8;2703;3110;Eaux oligotrophes trŠs peu min‚ralis‚es des plaines sablonneuses (Littorelletalia uniflorae)
28;23901;;<em>Lemnetum minoris</em> So? 1927;;;;8;2692;3290;RiviŠres intermittentes m‚diterran‚ennes du Paspalo-Agrostidion
28;23902;;<em>Spirodelo - Lemnetum minoris</em> Mll. & G”rs 1960;;;;8;2758;3150;Lacs eutrophes naturels avec v‚g‚tation du Magnopotamion ou de l'Hydrocharition
28;23909;;<em>Ricciocarpetum natantis</em> Txen 1974;;;;8;2758;3150;Lacs eutrophes naturels avec v‚g‚tation du Magnopotamion ou de l'Hydrocharition
28;23921;;<em>Scirpo americani - Lobelietum dortmannae</em> Vanden Berghen 1964 emend. Dierssen 1975;;;;8;2703;3110;Eaux oligotrophes trŠs peu min‚ralis‚es des plaines sablonneuses (Littorelletalia uniflorae)
28;23922;;<em>Isoetetum boryanae</em> (Vanden Berghen 1969) Dierssen 1975;;;;8;2703;3110;Eaux oligotrophes trŠs peu min‚ralis‚es des plaines sablonneuses (Littorelletalia uniflorae)
28;23927;;<em>Hyperico elodis - Potametum oblongi</em> Allorge ex Braun-Blanq. & Txen 1952;;;;8;2703;3110;Eaux oligotrophes trŠs peu min‚ralis‚es des plaines sablonneuses (Littorelletalia uniflorae)
28;23947;;<em>Lythro portulae - Eleocharitetum acicularis</em> Gamisans 1976;;;;8;2756;3130;Eaux stagnantes, oligotrophes … m‚sotrophes avec v‚g‚tation des Littorelletea uniflorae et/ou des Isoeto-Nanojuncetea
28;23948;;<em>Ranunculo nodiflori - Juncetum bulbosi</em> Gamisans 1976;;;;8;2756;3130;Eaux stagnantes, oligotrophes … m‚sotrophes avec v‚g‚tation des Littorelletea uniflorae et/ou des Isoeto-Nanojuncetea
28;23949;;<em>Sorbo ambiguae - Calamagrostietum arundinaceae</em> Oberd. (1936) 1957;;;;8;2835;6430;"M‚gaphorbiaies hygrophiles d&#39;ourlets planitiaires et des ‚tages montagnard … alpin"
28;23951;;<em>Crepido blattarioidis - Laserpitietum latifolii</em> Richard ex Fernez et al. 2007;;;;8;2835;6430;"M‚gaphorbiaies hygrophiles d&#39;ourlets planitiaires et des ‚tages montagnard … alpin"
28;23967;;<em>Imperatorio ostruthii - Adenostyletum alliariae</em> de Foucault & Corriol 2013;;;;8;2835;6430;"M‚gaphorbiaies hygrophiles d&#39;ourlets planitiaires et des ‚tages montagnard … alpin"
28;23984;;<em>Arunco dioici - Petasitetum albi</em> Braun-Blanq. & Sutter 1977;;;;8;2835;6430;"M‚gaphorbiaies hygrophiles d&#39;ourlets planitiaires et des ‚tages montagnard … alpin"
28;23985;;<em>Valeriano rotundifoliae - Adenostyletum briquetii</em> Gamisans 1977;;;;8;2835;6430;"M‚gaphorbiaies hygrophiles d&#39;ourlets planitiaires et des ‚tages montagnard … alpin"
28;23995;;<em>Potentillo erectae - Centaurietum scilloidis</em> (Lem‚e 1938) de Foucault 1995;;;;8;2797;6230;Formations herbeuses … Nardus, riches en espŠces, sur substrats siliceux des zones montagnardes (et des zones submontagnardes de l'Europe continentale)
28;24005;;<em>Lathyro montani - Nardetum strictae</em> Sougnez 1977;;;Absent des Cahiers d'habitats et … rapprocher du 6230(-3).;8;2797;6230;Formations herbeuses … Nardus, riches en espŠces, sur substrats siliceux des zones montagnardes (et des zones submontagnardes de l'Europe continentale)
28;24027;;<em>Luzulo multiflorae - Nardetum strictae</em> Th‚baud 2006;;;;8;2797;6230;Formations herbeuses … Nardus, riches en espŠces, sur substrats siliceux des zones montagnardes (et des zones submontagnardes de l'Europe continentale)
28;24035;;<em>Dactylorhizo latifoliae - Nardetum strictae</em> Ritter & de Foucault 2012;;;;8;2797;6230;Formations herbeuses … Nardus, riches en espŠces, sur substrats siliceux des zones montagnardes (et des zones submontagnardes de l'Europe continentale)
28;24041;;<em>Alchemillo flabellatae - Nardetum strictae</em> Gruber 1975;;;;8;2797;6230;Formations herbeuses … Nardus, riches en espŠces, sur substrats siliceux des zones montagnardes (et des zones submontagnardes de l'Europe continentale)
28;24070;;<em>Luzulo spadiceae - Festucetum eskiae tenuifoliae</em> NŠgre & Serve 1979 nom. inv. prop.;;;;8;2869;6170;Pelouses calcaires alpines et subalpines
28;24094;;<em>Sphagno subnitentis - Narthecietum ossifragi</em> Touffet ex Cl‚ment & Touffet 1980 nom. mut. propos. Th‚baud 2012;;;;8;2821;7110;TourbiŠres hautes actives
28;24150;;<em>Trifolio maritimi - Oenanthetum silaifoliae</em> Dupont ex de Foucault 2008;;;;8;2661;1410;Pr‚s-sal‚s m‚diterran‚ens (Juncetalia maritimi)
28;24157;;<em>Agropyro repentis - Juncetum gerardi</em> J. Duvign. 1967;;;;8;2662;1340;Pr‚s-sal‚s int‚rieurs
28;24287;;<em>Nitelletum hyalinae</em> Corill. 1949;;;;8;2757;3140;Eaux oligo-m‚sotrophes calcaires avec v‚g‚tation benthique … Chara spp.
28;24292;;<em>Nitellopsio obtusae - Nitelletum mucronatae</em> (Tomaszewicz 1979) Felzines & Lambert 2012;;;;8;2757;3140;Eaux oligo-m‚sotrophes calcaires avec v‚g‚tation benthique … Chara spp.
28;24309;;<em>Charetum intermediae</em> Melzer ex W. Krause & Lang in Oberd. 1977;;;;8;2757;3140;Eaux oligo-m‚sotrophes calcaires avec v‚g‚tation benthique … Chara spp.
28;24319;;<em>Charetum balticae</em> Korna? 1959;;;;8;2711;1150;Lagunes c“tiŠres
28;24322;;<em>Calicotomo spinosae - Cistetum crispi</em> Braun-Blanq. in Braun-Blanq., Molin. & Wagner 1940;;;;8;2657;1240;Falaises avec v‚g‚tation des c“tes m‚diterran‚ennes avec Limonium spp. end‚miques
28;20787;;<em>Senecioni adonidifolii - Cytisetum oromediterranei</em> (Rivas-Mart. 1968) Rivas-Mart. & Cant¢ in Rivas-Mart., T.E. D¡az, Fern. Gonz., Izco, Loidi, LousÆ & Penas 2002;;;;8;2809;5120;Formations montagnardes … Cytisus purgans
28;24341;;<em>Scrophulario auriculatae - Angelicetum sylvestris</em> Robbe in Royer et al. 2006;;;;8;2835;6430;"M‚gaphorbiaies hygrophiles d&#39;ourlets planitiaires et des ‚tages montagnard … alpin"
28;24398;;<em>Apietum crassipedis</em> Paradis & Pozzo di Borgo 2005;;;;8;2760;3170;Mares temporaires m‚diterran‚ennes
28;24403;;<em>Serapiado linguae - Oenanthetum lachenalii</em> Barbero 1967;;;;8;2704;3120;Eaux oligotrophes trŠs peu min‚ralis‚es sur sols g‚n‚ralement sableux de l'ouest m‚diterran‚en … Isoetes spp.
28;24404;;<em>Sedo rupestris - Iso‰tetum duriei</em> (Nozerau & Roux 1958) de Foucault 2013;;;;8;2760;3170;Mares temporaires m‚diterran‚ennes
28;24104;;<em>Cypero fusci - Limoselletum aquaticae</em> Oberd. ex Korneck 1960;;;;8;2756;3130;Eaux stagnantes, oligotrophes … m‚sotrophes avec v‚g‚tation des Littorelletea uniflorae et/ou des Isoeto-Nanojuncetea
28;24114;;<em>Plantagini intermediae - Crypsietum alopecuroidis</em> J.-M. Royer ex Didier & J.-M. Royer 1999;;;;8;2756;3130;Eaux stagnantes, oligotrophes … m‚sotrophes avec v‚g‚tation des Littorelletea uniflorae et/ou des Isoeto-Nanojuncetea
28;24405;;<em>Echinochloo cruris-galli - Crypsietum schoenoidis</em> Paradis & Lorenzoni 1994;;;;8;2760;3170;Mares temporaires m‚diterran‚ennes
28;24434;;<em>Catapodio marini - Parapholidetum incurvae</em> G‚hu & de Foucault 1978;;;;8;2706;1310;V‚g‚tations pionniŠres … Salicornia et autres espŠces annuelles des zones boueuses et sableuses
28;24438;;<em>Bromo ferronii - Trifolietum arvensis</em> G‚hu 2008;;;;8;2706;1310;V‚g‚tations pionniŠres … Salicornia et autres espŠces annuelles des zones boueuses et sableuses
28;24439;;<em>Catapodio marini - Evacetum rotundatae</em> G‚hu et al. 1989;;;;8;2706;1310;V‚g‚tations pionniŠres … Salicornia et autres espŠces annuelles des zones boueuses et sableuses
28;24442;;<em>Parapholido strigosae - Saginetum maritimae</em> G‚hu 1976;;;;8;2706;1310;V‚g‚tations pionniŠres … Salicornia et autres espŠces annuelles des zones boueuses et sableuses
28;24444;;<em>Sagino maritimae - Spergularietum marinae</em> Bioret 2006;;;;8;2706;1310;V‚g‚tations pionniŠres … Salicornia et autres espŠces annuelles des zones boueuses et sableuses
28;24451;;<em>Junco bufonii - Chenopodietum chenopodioidis</em> G‚hu & G‚hu-Franck 1984;;;;8;2706;1310;V‚g‚tations pionniŠres … Salicornia et autres espŠces annuelles des zones boueuses et sableuses
28;24320;;<em>Tolypelletum nidificae</em> Korna? 1959;;;;8;2758;3150;Lacs eutrophes naturels avec v‚g‚tation du Magnopotamion ou de l'Hydrocharition
28;24348;;<em>Angelico sylvestris - Filipenduletum ulmariae</em> Roulier 1998 nom. illeg.;;;;8;2835;6430;"M‚gaphorbiaies hygrophiles d&#39;ourlets planitiaires et des ‚tages montagnard … alpin"
28;23964;;<em>Myrrhido odoratae - Valerianetum pyrenaicae</em> (Rivas-Mart., T.E. D¡az, F. Prieto, Loidi & Penas 1984) Carrillo & Ninot 1992;;;;8;2835;6430;"M‚gaphorbiaies hygrophiles d&#39;ourlets planitiaires et des ‚tages montagnard … alpin"
28;24074;;<em>Ophioglosso azorici - Nardetum strictae</em> Gamisans 1976;;;;8;2869;6170;Pelouses calcaires alpines et subalpines
28;23901;;<em>Lemnetum minoris</em> So? 1927;;;;8;2758;3150;Lacs eutrophes naturels avec v‚g‚tation du Magnopotamion ou de l'Hydrocharition
28;23911;;<em>Salvinio - Spirodeletum polyrhizae</em> Slavni? 1956;;;;8;2758;3150;Lacs eutrophes naturels avec v‚g‚tation du Magnopotamion ou de l'Hydrocharition
28;23933;;<em>Ranunculo flammulae - Juncetum bulbosi</em> Oberd. 1957;;;;8;2756;3130;Eaux stagnantes, oligotrophes … m‚sotrophes avec v‚g‚tation des Littorelletea uniflorae et/ou des Isoeto-Nanojuncetea
28;23850;;<em>Sphagnetum magellanici</em> M. K„stner & Fl”ssner 1933;;;;8;2821;7110;TourbiŠres hautes actives
28;24234;;<em>Teucrio scordioidis - Agrostietum stoloniferae</em> de Foucault & Provost 2012;;;;8;2666;2190;D‚pressions humides intradunales
28;23906;;<em>Lemnetum gibbae</em> Miyawaki & J. Txen 1960;;;;8;2767;3260;RiviŠres des ‚tages planitiaire … montagnard avec v‚g‚tation du Ranunculion fluitantis et du Callitricho-Batrachion
28;23906;;<em>Lemnetum gibbae</em> Miyawaki & J. Txen 1960;;;;8;2692;3290;RiviŠres intermittentes m‚diterran‚ennes du Paspalo-Agrostidion
28;23908;;<em>Lemnetum trisulcae</em> Hartog 1963;;;;8;2758;3150;Lacs eutrophes naturels avec v‚g‚tation du Magnopotamion ou de l'Hydrocharition
28;23912;;<em>Lemno trisulcae - Utricularietum vulgaris</em> So? 1947;;;;8;2758;3150;Lacs eutrophes naturels avec v‚g‚tation du Magnopotamion ou de l'Hydrocharition
28;23916;;<em>Lemno minoris - Hydrocharitetum morsus-ranae</em> Oberd. ex H. Passarge 1978;;;;8;2758;3150;Lacs eutrophes naturels avec v‚g‚tation du Magnopotamion ou de l'Hydrocharition
28;23926;;<em>Eleocharitetum multicaulis</em> Allorge ex Txen 1937;;;;8;2703;3110;Eaux oligotrophes trŠs peu min‚ralis‚es des plaines sablonneuses (Littorelletalia uniflorae)
28;23938;;<em>Eleocharitetum acicularis</em> Koch ex Almquist 1929;;;;8;2756;3130;Eaux stagnantes, oligotrophes … m‚sotrophes avec v‚g‚tation des Littorelletea uniflorae et/ou des Isoeto-Nanojuncetea
28;23943;;<em>Isoeto creussensis - Sparganietum angustifolii</em> Lazare & Riba 2010;;;;8;2756;3130;Eaux stagnantes, oligotrophes … m‚sotrophes avec v‚g‚tation des Littorelletea uniflorae et/ou des Isoeto-Nanojuncetea
28;23962;;<em>Ranunculo platanifolii - Adenostyletum pyrenaicae</em> Rivas-Mart., B scones, T.E. D¡az, F.-Gonz lez & Loidi 1991;;;;8;2835;6430;"M‚gaphorbiaies hygrophiles d&#39;ourlets planitiaires et des ‚tages montagnard … alpin"
28;23977;;<em>Polygono bistortae - Eryngietum alpini</em> G‚hu-Franck & G‚hu 1984;;;;8;2835;6430;"M‚gaphorbiaies hygrophiles d&#39;ourlets planitiaires et des ‚tages montagnard … alpin"
28;24004;;<em>Arnicetum montanae</em> Schwick. 1944;;;Absent des Cahiers d'habitats et … rapprocher du 6230(-3).;8;2797;6230;Formations herbeuses … Nardus, riches en espŠces, sur substrats siliceux des zones montagnardes (et des zones submontagnardes de l'Europe continentale)
28;24006;;<em>Omalotheco sylvaticae - Nardetum strictae</em> Gillet in Ferrez et al. 2001;;;Absent des Cahiers d'habitats et … rapprocher du 6230(-3).;8;2797;6230;Formations herbeuses … Nardus, riches en espŠces, sur substrats siliceux des zones montagnardes (et des zones submontagnardes de l'Europe continentale)
28;24011;;<em>Carici arenariae - Luzuletum campestris</em> de Foucault 2008;;En croisement avec 6230.;;8;2684;2130;Dunes c“tiŠres fix‚es … v‚g‚tation herbac‚e (?dunes grises?)
28;24088;;<em>Vinco majoris - Viticetum agni-casti</em> O. Bol•s 1956;;;;8;2723;92D0;Galeries et fourr‚s riverains m‚ridionaux (Nerio-Tamaricetea et Securinegion tinctoriae)
28;24091;;<em>Erico scopariae - Nerietum oleandri</em> (Lavagne & Moutte 1971) de Foucault, Bensettiti, Noble & Paradis 2012;;;;8;2867;5330;Fourr‚s thermom‚diterran‚ens et pr‚d‚sertiques
28;24092;;<em>Erico tetralicis - Sphagnetum magellanici</em> (Osvald 1923) J.J. Moore 1968;;;;8;2821;7110;TourbiŠres hautes actives
28;23845;;<em>Ericetum tetralicis</em> (P. Allorge 1922) Jonas ex Th‚baud 2012;;;;8;2821;7110;TourbiŠres hautes actives
28;23845;;<em>Ericetum tetralicis</em> (P. Allorge 1922) Jonas ex Th‚baud 2012;;;;8;2826;7120;TourbiŠres hautes d‚grad‚es encore susceptibles de r‚g‚n‚ration naturelle
28;23847;;<em>Sphagno compacti - Trichophoretum germanici</em> (Oberd.) J. & M. Bartsch 1940;;;;8;2826;7120;TourbiŠres hautes d‚grad‚es encore susceptibles de r‚g‚n‚ration naturelle
28;23856;;<em>Eriophoro vaginati - Sphagnetum angustifolii</em> K. Hueck corr. Th‚baud & P‚tel 2008;;;;8;2821;7110;TourbiŠres hautes actives
28;23856;;<em>Eriophoro vaginati - Sphagnetum angustifolii</em> K. Hueck corr. Th‚baud & P‚tel 2008;;;;8;2826;7120;TourbiŠres hautes d‚grad‚es encore susceptibles de r‚g‚n‚ration naturelle
28;24156;;<em>Cerastio dubii - Juncetum gerardi</em> J. Duvign. 1967;;;;8;2662;1340;Pr‚s-sal‚s int‚rieurs
28;24284;;<em>Nitelletum flexilis</em> Corill. 1957;;;;8;2757;3140;Eaux oligo-m‚sotrophes calcaires avec v‚g‚tation benthique … Chara spp.
28;24291;;<em>Nitelletum syncarpae</em> Corill. 1957;;;;8;2757;3140;Eaux oligo-m‚sotrophes calcaires avec v‚g‚tation benthique … Chara spp.
28;24293;;<em>Nitelletum batrachospermae</em> Corill. 1957;;;;8;2757;3140;Eaux oligo-m‚sotrophes calcaires avec v‚g‚tation benthique … Chara spp.
28;24297;;<em>Charetum vulgaris</em> Corill. 1949;;;;8;2757;3140;Eaux oligo-m‚sotrophes calcaires avec v‚g‚tation benthique … Chara spp.
28;24298;;<em>Nitelletum opacae</em> Corill. 1957;;;;8;2757;3140;Eaux oligo-m‚sotrophes calcaires avec v‚g‚tation benthique … Chara spp.
28;24307;;<em>Magnocharetum hispidae</em> Corill. 1957;;;;8;2711;1150;Lagunes c“tiŠres
28;24308;;<em>Charetum virgatae</em> Doll 2012;;;;8;2757;3140;Eaux oligo-m‚sotrophes calcaires avec v‚g‚tation benthique … Chara spp.
28;24310;;<em>Magnocharetum tomentosae</em> Corill. 1957;;;;8;2711;1150;Lagunes c“tiŠres
28;24311;;<em>Charetum asperae</em> Corill. 1957;;;;8;2711;1150;Lagunes c“tiŠres
28;24325;;<em>Helichryso stoechadis - Cistetum albidi</em> Loisel 1971;;;Correspondance … confirmer selon l'auteur.;8;2657;1240;Falaises avec v‚g‚tation des c“tes m‚diterran‚ennes avec Limonium spp. end‚miques
28;24334;;<em>Helichryso angustifolii - Cistetum villosi</em> Allier & Lacoste 1980;;;Correspondance … confirmer selon l'auteur.;8;2657;1240;Falaises avec v‚g‚tation des c“tes m‚diterran‚ennes avec Limonium spp. end‚miques
28;24335;;<em>Pteridio aquilini - Oenanthetum crocatae</em> de Foucault 2011;;;;8;2835;6430;"M‚gaphorbiaies hygrophiles d&#39;ourlets planitiaires et des ‚tages montagnard … alpin"
28;24351;;<em>Veronico longifoliae - Euphorbietum palustris</em> Korneck 1963;;;;8;2835;6430;"M‚gaphorbiaies hygrophiles d&#39;ourlets planitiaires et des ‚tages montagnard … alpin"
28;24354;;<em>Equiseto sylvatici - Lotetum uliginosi</em> Passarge 1988;;;;8;2835;6430;"M‚gaphorbiaies hygrophiles d&#39;ourlets planitiaires et des ‚tages montagnard … alpin"
28;24364;;<em>Cirsio cretici - Dorycnietum recti</em> (Brullo & Ronsisvalle 1975) G‚hu & Biondi 1988;;;;8;2835;6430;"M‚gaphorbiaies hygrophiles d&#39;ourlets planitiaires et des ‚tages montagnard … alpin"
28;24366;;<em>Knautio integrifoliae - Oenanthetum crocatae</em> de Foucault 2011;;;;8;2835;6430;"M‚gaphorbiaies hygrophiles d&#39;ourlets planitiaires et des ‚tages montagnard … alpin"
28;24382;;<em>Symphyto officinalis - Rubetum caesii</em> Passarge 1982;;;;8;2835;6430;"M‚gaphorbiaies hygrophiles d&#39;ourlets planitiaires et des ‚tages montagnard … alpin"
28;24402;;<em>Spirantho aestivalis - Anagallidetum tenellae</em> G. Aubert & R.I. Loisel 1971;;;;8;2760;3170;Mares temporaires m‚diterran‚ennes
28;24102;;<em>Eleocharito ovatae - Caricetum bohemicae</em> Klika 1935;;;;8;2756;3130;Eaux stagnantes, oligotrophes … m‚sotrophes avec v‚g‚tation des Littorelletea uniflorae et/ou des Isoeto-Nanojuncetea
28;23869;;<em>Laurentio michelii - Anthocerotetum dichotomi</em> Braun-Blanq. 1936;;;;8;2756;3130;Eaux stagnantes, oligotrophes … m‚sotrophes avec v‚g‚tation des Littorelletea uniflorae et/ou des Isoeto-Nanojuncetea
28;24236;;<em>Trifolietum nigrescenti - resupinati</em> Molin. & Tallon 1968;;En croisement avec 2240.;;8;2661;1410;Pr‚s-sal‚s m‚diterran‚ens (Juncetalia maritimi)
28;24238;;<em>Paspalo distichi - Agrostietum semiverticillatae</em> Braun-Blanq. 1936;;;;8;2691;3280;RiviŠres permanentes m‚diterran‚ennes du Paspalo-Agrostidion avec rideaux bois‚s riverains … Salix et Populus alba
28;24131;;<em>Inulo britannicae - Menthetum cervinae</em> de Foucault & Loisel 2012;;;;8;2760;3170;Mares temporaires m‚diterran‚ennes
28;24146;;<em>Cnidio dubii - Violetum pumilae</em> Korneck ex Bal.-Tul. 1969;;;;8;2836;6440;Prairies alluviales inondables du Cnidion dubii
28;24160;;<em>Samolo valerandi - Caricetum vikingensis</em> G‚hu 1982;;;;8;2656;1230;Falaises avec v‚g‚tation des c“tes atlantiques et baltiques
28;23893;;<em>Blackstonio perfoliatae - Ranunculetum sardoi</em> de Foucault 2013;;;;8;2756;3130;Eaux stagnantes, oligotrophes … m‚sotrophes avec v‚g‚tation des Littorelletea uniflorae et/ou des Isoeto-Nanojuncetea
28;24294;;<em>Nitelletum syncarpo - tenuissimae</em> W. Krause 1969;;;;8;2757;3140;Eaux oligo-m‚sotrophes calcaires avec v‚g‚tation benthique … Chara spp.
28;24295;;<em>Charo vulgaris - Tolypelletum intricatae</em> W. Krause ex W. Krause & Lang in Oberd. 1977;;;;8;2711;1150;Lagunes c“tiŠres
28;24296;;<em>Tolypelletum glomeratae</em> Corill. 1957;;;;8;2757;3140;Eaux oligo-m‚sotrophes calcaires avec v‚g‚tation benthique … Chara spp.
28;24298;;<em>Nitelletum opacae</em> Corill. 1957;;;;8;2767;3260;RiviŠres des ‚tages planitiaire … montagnard avec v‚g‚tation du Ranunculion fluitantis et du Callitricho-Batrachion
28;24311;;<em>Charetum asperae</em> Corill. 1957;;;;8;2757;3140;Eaux oligo-m‚sotrophes calcaires avec v‚g‚tation benthique … Chara spp.
28;24316;;<em>Charetum galioidis</em> Corill. 1957;;;;8;2711;1150;Lagunes c“tiŠres
28;24317;;<em>Charetum conniventis</em> Ionescu-Teculescu 1972;;;;8;2757;3140;Eaux oligo-m‚sotrophes calcaires avec v‚g‚tation benthique … Chara spp.
28;24329;;<em>Stachydo glutinosae - Genistetum corsicae</em> Gamisans & Muracciole 1984;;;;8;2657;1240;Falaises avec v‚g‚tation des c“tes m‚diterran‚ennes avec Limonium spp. end‚miques
28;24350;;<em>Valeriano officinalis - Filipenduletum ulmariae</em> G. Sissingh ex Westhoff 1949;;;;8;2835;6430;"M‚gaphorbiaies hygrophiles d&#39;ourlets planitiaires et des ‚tages montagnard … alpin"
28;24357;;<em>Thalictro flavi - Filipenduletum ulmariae</em> Txen & Hlbusch apud Richard 1975 nom. illeg.;;;;8;2835;6430;"M‚gaphorbiaies hygrophiles d&#39;ourlets planitiaires et des ‚tages montagnard … alpin"
28;24369;;<em>Calystegio sepium - Senecionetum paludosi</em> Txen ex Passarge 1993 ;;;;8;2835;6430;"M‚gaphorbiaies hygrophiles d&#39;ourlets planitiaires et des ‚tages montagnard … alpin"
28;24380;;<em>Picrido hieracioidis - Eupatorietum cannabini</em> Loidi & Navarro 1988;;;;8;2835;6430;"M‚gaphorbiaies hygrophiles d&#39;ourlets planitiaires et des ‚tages montagnard … alpin"
28;24381;;<em>Senecionetum fluviatilis</em> Zahlheimer ex Th. Mll. in Oberd. 1983;;;;8;2835;6430;"M‚gaphorbiaies hygrophiles d&#39;ourlets planitiaires et des ‚tages montagnard … alpin"
28;24386;;<em>Phalarido arundinaceae - Petasitetum hybridi</em> Schwick. 1933;;;;8;2835;6430;"M‚gaphorbiaies hygrophiles d&#39;ourlets planitiaires et des ‚tages montagnard … alpin"
28;24399;;<em>Carici erythrostachyos - Helosciadietum crassipedis</em> de Foucault, Paradis & Pozzo di Borgo 2013;;;;8;2760;3170;Mares temporaires m‚diterran‚ennes
28;24107;;<em>Ludwigio palustris - Lindernietum procumbentis</em> Felzines, Loiseau & Portal 2002;;;;8;2756;3130;Eaux stagnantes, oligotrophes … m‚sotrophes avec v‚g‚tation des Littorelletea uniflorae et/ou des Isoeto-Nanojuncetea
28;24413;;<em>Junco pygmaei - Lythretum borysthenici</em> (Braun-Blanq. 1936) de Foucault 2013;;;;8;2760;3170;Mares temporaires m‚diterran‚ennes
28;24415;;<em>lso‰to velatae - Bulliardetum vaillantii</em> Poirion & Barbero 1965;;;;8;2760;3170;Mares temporaires m‚diterran‚ennes
28;24422;;<em>Bellido annuae - Cicendietum filiformis</em> de Foucault ex Paradis & Pozzo di Borgo 2005;;;;8;2756;3130;Eaux stagnantes, oligotrophes … m‚sotrophes avec v‚g‚tation des Littorelletea uniflorae et/ou des Isoeto-Nanojuncetea
28;23871;;<em>Cicendietum filiformis</em> Allorge 1922;;;;8;2756;3130;Eaux stagnantes, oligotrophes … m‚sotrophes avec v‚g‚tation des Littorelletea uniflorae et/ou des Isoeto-Nanojuncetea
28;24443;;<em>Hymenolobo procumbentis - Saginetum maritimae</em> G‚hu et de Foucault ex de Foucault & Bioret 2010;;;;8;2706;1310;V‚g‚tations pionniŠres … Salicornia et autres espŠces annuelles des zones boueuses et sableuses
28;23876;;<em>Spergulario rubrae - Illecebretum verticillati</em> G. Sissingh 1957;;;;8;2756;3130;Eaux stagnantes, oligotrophes … m‚sotrophes avec v‚g‚tation des Littorelletea uniflorae et/ou des Isoeto-Nanojuncetea
28;23896;;<em>Erythraeo pulchellae - Blackstonietum serotinae</em> Oberd. 1957;;;;8;2756;3130;Eaux stagnantes, oligotrophes … m‚sotrophes avec v‚g‚tation des Littorelletea uniflorae et/ou des Isoeto-Nanojuncetea
28;23956;;<em>Lilio pyrenaici - Molopospermetum peloponesiaci</em> Rivas-Mart., Costa & P. Soriano in Rivas-Mart. et al. 2002;;;;8;2835;6430;"M‚gaphorbiaies hygrophiles d&#39;ourlets planitiaires et des ‚tages montagnard … alpin"
28;23972;;<em>Ranunculo lanuginosi - Adenostyletum alliariae</em> de Foucault & Corriol 2013;;;;8;2835;6430;"M‚gaphorbiaies hygrophiles d&#39;ourlets planitiaires et des ‚tages montagnard … alpin"
28;23981;;<em>Salici lapponum - Luzuletum desvauxii</em> (Luquet 1926) de Foucault & Corriol 2013;;;;8;2835;6430;"M‚gaphorbiaies hygrophiles d&#39;ourlets planitiaires et des ‚tages montagnard … alpin"
28;23878;;<em>Ranunculo sardoi - Myosuretum minimi</em> Diemont et al. ex Oesau 1973;;;;8;2756;3130;Eaux stagnantes, oligotrophes … m‚sotrophes avec v‚g‚tation des Littorelletea uniflorae et/ou des Isoeto-Nanojuncetea
28;23898;;<em>Junco sphaerocarpi - Lythretum hyssopifoliae</em> de Laclos & J.-M. Royer ex de Laclos & J.-M. Royer in J.-M. Royer, Felzines, Misset & Th‚venin 2006;;;;8;2756;3130;Eaux stagnantes, oligotrophes … m‚sotrophes avec v‚g‚tation des Littorelletea uniflorae et/ou des Isoeto-Nanojuncetea
28;23902;;<em>Spirodelo - Lemnetum minoris</em> Mll. & G”rs 1960;;;;8;2692;3290;RiviŠres intermittentes m‚diterran‚ennes du Paspalo-Agrostidion
28;23908;;<em>Lemnetum trisulcae</em> Hartog 1963;;;;8;2767;3260;RiviŠres des ‚tages planitiaire … montagnard avec v‚g‚tation du Ranunculion fluitantis et du Callitricho-Batrachion
28;23913;;<em>Utricularietum australis</em> T. Mll. & G”rs 1960;;;;8;2692;3290;RiviŠres intermittentes m‚diterran‚ennes du Paspalo-Agrostidion
28;23915;;<em>Stratiotetum aloidis</em> Miljan 1933;;;;8;2758;3150;Lacs eutrophes naturels avec v‚g‚tation du Magnopotamion ou de l'Hydrocharition
28;23917;;<em>Potamo - Ceratophylletum submersi</em> Pop 1962;;;;8;2758;3150;Lacs eutrophes naturels avec v‚g‚tation du Magnopotamion ou de l'Hydrocharition
28;23930;;<em>Littorello uniflorae - Eleocharitetum acicularis</em> Jouanne 1926;;;;8;2703;3110;Eaux oligotrophes trŠs peu min‚ralis‚es des plaines sablonneuses (Littorelletalia uniflorae)
28;23932;;<em>Pilularietum globuliferae</em> Txen ex T. Mll. & G”rs 1960;;;;8;2703;3110;Eaux oligotrophes trŠs peu min‚ralis‚es des plaines sablonneuses (Littorelletalia uniflorae)
28;23939;;<em>Eleocharito acicularis - Alismatetum graminei</em> Kallen ex H. Passarge 1999;;;;8;2756;3130;Eaux stagnantes, oligotrophes … m‚sotrophes avec v‚g‚tation des Littorelletea uniflorae et/ou des Isoeto-Nanojuncetea
28;23945;;<em>Isoetetum echinosporae</em> Koch ex Dierssen 1975;;;;8;2756;3130;Eaux stagnantes, oligotrophes … m‚sotrophes avec v‚g‚tation des Littorelletea uniflorae et/ou des Isoeto-Nanojuncetea
28;23953;;<em>Senecioni cacaliastri - Calamagrostietum arundinaceae</em> Schamin‚e et al. 1992;;;;8;2835;6430;"M‚gaphorbiaies hygrophiles d&#39;ourlets planitiaires et des ‚tages montagnard … alpin"
28;23959;;<em>Scrophulario alpestris - Aruncetum dioici</em> NŠgre 1972 corr. Rivas-Mart. et al. 2002;;;;8;2835;6430;"M‚gaphorbiaies hygrophiles d&#39;ourlets planitiaires et des ‚tages montagnard … alpin"
28;23968;;<em>Adenostylo alliariae - Athyrietum distentifolii</em> Th‚baud et al. 1992 nom. illeg.;;;;8;2835;6430;"M‚gaphorbiaies hygrophiles d&#39;ourlets planitiaires et des ‚tages montagnard … alpin"
28;23989;;<em>Simethido planifoliae - Pseudarrhenatheretum longifolii</em> de Foucault 1986;;;;8;2797;6230;Formations herbeuses … Nardus, riches en espŠces, sur substrats siliceux des zones montagnardes (et des zones submontagnardes de l'Europe continentale)
28;24049;;<em>Leontodonto helvetici - Alchemilletum alpinae</em> Lacoste 1975;;;;8;2797;6230;Formations herbeuses … Nardus, riches en espŠces, sur substrats siliceux des zones montagnardes (et des zones submontagnardes de l'Europe continentale)
28;24079;;<em>Polygono alpini - Luzuletum sieberi</em> Gamisans 1977;;;;8;2869;6170;Pelouses calcaires alpines et subalpines
28;24081;;<em>Tamaricetum gallicae</em> Braun-Blanq. & O. Bol•s 1958;;;;8;2723;92D0;Galeries et fourr‚s riverains m‚ridionaux (Nerio-Tamaricetea et Securinegion tinctoriae)
28;24095;;<em>Narthecio ossifragi - Sphagnetum auriculati</em> Lieurade & Thomassin in Th‚baud 2012;;;;8;2821;7110;TourbiŠres hautes actives
28;23852;;<em>Eriophoro vaginati - Vaccinietum uliginosi</em> de Foucault 1999;;;;8;2821;7110;TourbiŠres hautes actives
28;23854;;<em>Eriophoro vaginati - Trichophoretum cespitosi</em> Osvald 1923;;;;8;2826;7120;TourbiŠres hautes d‚grad‚es encore susceptibles de r‚g‚n‚ration naturelle
28;23855;;<em>Avenello flexuosae - Sphagnetum capillifolii</em> Th‚baud & P‚tel 2008;;;;8;2821;7110;TourbiŠres hautes actives
28;24128;;<em>Ranunculo ophioglossifolii - Artemisietum molinieri</em> de Foucault & Loisel 2012;;;;8;2760;3170;Mares temporaires m‚diterran‚ennes
28;24141;;<em>Hydrocotylo vulgaris - Eleocharitetum palustris</em> Julve 1989;;;;8;2666;2190;D‚pressions humides intradunales
28;24153;;<em>Lino biennis - Festucetum arundinaceae</em> Dubuis & Simonneau ex de Foucault 2012;;;;8;2834;6420;Prairies humides m‚diterran‚ennes … grandes herbes du Molinio-Holoschoenion
28;24168;;<em>Taraxaco bessarabici - Caricetum distantis</em> (So¢ 1930) Wendelberger 1943;;;;8;2662;1340;Pr‚s-sal‚s int‚rieurs
28;24213;;<em>Ranunculo ophioglossifolii - Menthetum pulegii</em> de Foucault 2008;;;;8;2661;1410;Pr‚s-sal‚s m‚diterran‚ens (Juncetalia maritimi)
28;24292;;<em>Nitellopsio obtusae - Nitelletum mucronatae</em> (Tomaszewicz 1979) Felzines & Lambert 2012;;;;8;2767;3260;RiviŠres des ‚tages planitiaire … montagnard avec v‚g‚tation du Ranunculion fluitantis et du Callitricho-Batrachion
28;24301;;<em>Charetum curtae</em> Heuff 2012;;;;8;2757;3140;Eaux oligo-m‚sotrophes calcaires avec v‚g‚tation benthique … Chara spp.
28;24303;;<em>Charetum rudis</em> Dambska 1966;;;;8;2757;3140;Eaux oligo-m‚sotrophes calcaires avec v‚g‚tation benthique … Chara spp.
28;24304;;<em>Nitellopsietum obtusae</em> Dambska 1961;;;;8;2767;3260;RiviŠres des ‚tages planitiaire … montagnard avec v‚g‚tation du Ranunculion fluitantis et du Callitricho-Batrachion
28;24309;;<em>Charetum intermediae</em> Melzer ex W. Krause & Lang in Oberd. 1977;;;;8;2767;3260;RiviŠres des ‚tages planitiaire … montagnard avec v‚g‚tation du Ranunculion fluitantis et du Callitricho-Batrachion
28;24311;;<em>Charetum asperae</em> Corill. 1957;;;;8;2666;2190;D‚pressions humides intradunales
28;24313;;<em>Charetum fragilis</em> Corill. 1949;;;;8;2757;3140;Eaux oligo-m‚sotrophes calcaires avec v‚g‚tation benthique … Chara spp.
28;24314;;<em>Tolypelletum hispanicae</em> Corill. 1957;;;;8;2711;1150;Lagunes c“tiŠres
28;24317;;<em>Charetum conniventis</em> Ionescu-Teculescu 1972;;;;8;2711;1150;Lagunes c“tiŠres
28;24338;;<em>Athyrio filicis-feminae - Scirpetum sylvatici</em> de Foucault 1997;;;;8;2835;6430;"M‚gaphorbiaies hygrophiles d&#39;ourlets planitiaires et des ‚tages montagnard … alpin"
28;24339;;<em>Achilleo ptarmicae - Filipenduletum ulmariae</em> Passarge (1971) 1975;;;;8;2835;6430;"M‚gaphorbiaies hygrophiles d&#39;ourlets planitiaires et des ‚tages montagnard … alpin"
28;24340;;<em>Junco effusi - Lotetum uliginosi</em> Passarge 1988;;;;8;2835;6430;"M‚gaphorbiaies hygrophiles d&#39;ourlets planitiaires et des ‚tages montagnard … alpin"
28;24349;;<em>Thalictro flavi - Althaeetum officinalis</em> (Molin. & Tallon 1950) de Foucault in Royer et al. 2006;;;;8;2835;6430;"M‚gaphorbiaies hygrophiles d&#39;ourlets planitiaires et des ‚tages montagnard … alpin"
28;24355;;<em>Polygono bistortae - Scirpetum sylvatici</em> Schwick. 1944 ex Oberd. 1957;;;;8;2835;6430;"M‚gaphorbiaies hygrophiles d&#39;ourlets planitiaires et des ‚tages montagnard … alpin"
28;24359;;<em>Filipendulo ulmariae - Geranietum palustris</em> Koch 1926;;;;8;2835;6430;"M‚gaphorbiaies hygrophiles d&#39;ourlets planitiaires et des ‚tages montagnard … alpin"
28;24361;;<em>Ranunculo aconitifolii - Filipenduletum ulmariae</em> Bal.-Tul. & Hbl 1979;;;;8;2835;6430;"M‚gaphorbiaies hygrophiles d&#39;ourlets planitiaires et des ‚tages montagnard … alpin"
28;24362;;<em>Aconito napelli - Filipenduletum ulmariae</em> Guin. ex Gallandat 1982;;;;8;2835;6430;"M‚gaphorbiaies hygrophiles d&#39;ourlets planitiaires et des ‚tages montagnard … alpin"
28;24368;;<em>Eupatorietum cannabini</em> Txen 1937;;;;8;2835;6430;"M‚gaphorbiaies hygrophiles d&#39;ourlets planitiaires et des ‚tages montagnard … alpin"
28;24370;;<em>Calystegio sepium - Phragmitetum australis</em> Royer, Th‚venin & Didier in Royer et al. 2006;;;;8;2835;6430;"M‚gaphorbiaies hygrophiles d&#39;ourlets planitiaires et des ‚tages montagnard … alpin"
28;24371;;<em>Oenantho crocatae - Angelicetum archangelicae</em> Frileux & G‚hu ex G‚hu in G‚hu & G‚hu-Franck 1984;;;;8;2835;6430;"M‚gaphorbiaies hygrophiles d&#39;ourlets planitiaires et des ‚tages montagnard … alpin"
28;24374;;<em>Calystegio sepium - Asteretum lanceolati</em> Holzner et al. ex Passarge 1993;;;;8;2835;6430;"M‚gaphorbiaies hygrophiles d&#39;ourlets planitiaires et des ‚tages montagnard … alpin"
28;24396;;<em>Iso‰tetum setaceae</em> Braun-Blanq. (1931) 1936;;;;8;2760;3170;Mares temporaires m‚diterran‚ennes
28;24416;;<em>Peplido erectae - Ranunculetum revelieri</em> Barbero 1965;;;;8;2760;3170;Mares temporaires m‚diterran‚ennes
28;23873;;<em>Centaurio maritimi - Juncetum capitati</em> Bioret in de Foucault 2013;;;;8;2704;3120;Eaux oligotrophes trŠs peu min‚ralis‚es sur sols g‚n‚ralement sableux de l'ouest m‚diterran‚en … Isoetes spp.
28;24224;;<em>Plantagini majoris - Trifolietum resupinati</em> de Foucault 2008;;;;8;2661;1410;Pr‚s-sal‚s m‚diterran‚ens (Juncetalia maritimi)
28;24236;;<em>Trifolietum nigrescenti - resupinati</em> Molin. & Tallon 1968;;En croisement avec 1410.;;8;2670;2240;Dunes avec pelouses des Brachypodietalia et des plantes annuelles
28;24432;;<em>Sagino maritimae - Cochlearietum danicae</em> Txen 1957;;;;8;2706;1310;V‚g‚tations pionniŠres … Salicornia et autres espŠces annuelles des zones boueuses et sableuses
28;24448;;<em>Spergularietum marinae</em> Molin. & Tallon 1970;;;;8;2706;1310;V‚g‚tations pionniŠres … Salicornia et autres espŠces annuelles des zones boueuses et sableuses
28;24297;;<em>Charetum vulgaris</em> Corill. 1949;;;;8;2692;3290;RiviŠres intermittentes m‚diterran‚ennes du Paspalo-Agrostidion
28;24312;;<em>Charetum contrariae</em> Corill. 1957;;;;8;2666;2190;D‚pressions humides intradunales
28;24103;;<em>Peplido portulae - Eleocharitetum ovatae</em> W. Pietsch 1973;;;;8;2756;3130;Eaux stagnantes, oligotrophes … m‚sotrophes avec v‚g‚tation des Littorelletea uniflorae et/ou des Isoeto-Nanojuncetea
28;24087;;<em>Rubo ulmifolii - Nerietum oleandri</em> O. Bol•s 1956;;;;8;2723;92D0;Galeries et fourr‚s riverains m‚ridionaux (Nerio-Tamaricetea et Securinegion tinctoriae)
28;23855;;<em>Avenello flexuosae - Sphagnetum capillifolii</em> Th‚baud & P‚tel 2008;;;;8;2826;7120;TourbiŠres hautes d‚grad‚es encore susceptibles de r‚g‚n‚ration naturelle
28;24257;;<em>Salicetum lapponum</em> Zlatnik 1928;;;;8;2698;4080;Fourr‚s de Salix spp. subarctiques
28;24288;;<em>Charetum braunii</em> Corill. 1957;;;;8;2757;3140;Eaux oligo-m‚sotrophes calcaires avec v‚g‚tation benthique … Chara spp.
28;24307;;<em>Magnocharetum hispidae</em> Corill. 1957;;;;8;2757;3140;Eaux oligo-m‚sotrophes calcaires avec v‚g‚tation benthique … Chara spp.
28;24331;;<em>Cisto salviifolii - Halimietum halimifolii</em> G‚hu & Biondi 1994;;;;8;2671;2260;Dunes … v‚g‚tation scl‚rophylle des Cisto-Lavanduletalia
28;24024;;<em>Diantho sylvatici - Leontodontetum pyrenaici</em> Billy 2000;;;;8;2797;6230;Formations herbeuses … Nardus, riches en espŠces, sur substrats siliceux des zones montagnardes (et des zones submontagnardes de l'Europe continentale)
28;24045;;<em>Selino pyrenaei - Nardetum strictae</em> Braun-Blanq. 1948;;;;8;2797;6230;Formations herbeuses … Nardus, riches en espŠces, sur substrats siliceux des zones montagnardes (et des zones submontagnardes de l'Europe continentale)
28;24093;;<em>Erico tetralicis - Sphagnetum rubelli</em> (Allorge 1926) Lem‚e ex Th‚baud 2012;;;;8;2821;7110;TourbiŠres hautes actives
28;23880;;<em>Ranunculo gracilis - Radioletum linoidis</em> (Hueck 1932) Libbert 1940;;;;8;2756;3130;Eaux stagnantes, oligotrophes … m‚sotrophes avec v‚g‚tation des Littorelletea uniflorae et/ou des Isoeto-Nanojuncetea
28;23883;;<em>Cyperetum flavescentis</em> W. Koch ex Aichinger 1933;;En croisement avec 3170-4;;8;2756;3130;Eaux stagnantes, oligotrophes … m‚sotrophes avec v‚g‚tation des Littorelletea uniflorae et/ou des Isoeto-Nanojuncetea
28;23897;;<em>Euphorbio exiguae - Lythretum hyssopifoliae</em> Misset in J.-M. Royer, Felzines, Misset & Th‚venin, 2006;;;;8;2756;3130;Eaux stagnantes, oligotrophes … m‚sotrophes avec v‚g‚tation des Littorelletea uniflorae et/ou des Isoeto-Nanojuncetea
28;23899;;<em>Centaurio pulchelli - Filaginetum pyramidatae</em> J.-M. Royer in L-M. Royer, Felzines, Misset & Th‚venin 2006;;;;8;2756;3130;Eaux stagnantes, oligotrophes … m‚sotrophes avec v‚g‚tation des Littorelletea uniflorae et/ou des Isoeto-Nanojuncetea
28;23905;;<em>Wolffietum arrhizae</em> Miyawaki & J. Txen 1960;;;;8;2758;3150;Lacs eutrophes naturels avec v‚g‚tation du Magnopotamion ou de l'Hydrocharition
28;23906;;<em>Lemnetum gibbae</em> Miyawaki & J. Txen 1960;;;;8;2758;3150;Lacs eutrophes naturels avec v‚g‚tation du Magnopotamion ou de l'Hydrocharition
28;23910;;<em>Riccietum fluitantis</em> Slavni? 1956;;;;8;2758;3150;Lacs eutrophes naturels avec v‚g‚tation du Magnopotamion ou de l'Hydrocharition
28;23918;;<em>Ceratophylletum demersi</em> Corillion 1957;;;;8;2692;3290;RiviŠres intermittentes m‚diterran‚ennes du Paspalo-Agrostidion
28;23925;;<em>Eleocharito palustris - Littorelletum uniflorae</em> (Gadeceau 1909) Chouard 1924;;;;8;2703;3110;Eaux oligotrophes trŠs peu min‚ralis‚es des plaines sablonneuses (Littorelletalia uniflorae)
28;23932;;<em>Pilularietum globuliferae</em> Txen ex T. Mll. & G”rs 1960;;;;8;2756;3130;Eaux stagnantes, oligotrophes … m‚sotrophes avec v‚g‚tation des Littorelletea uniflorae et/ou des Isoeto-Nanojuncetea
28;23944;;<em>Isoetetum creussensis</em> Lazare & Riba 2010;;;;8;2756;3130;Eaux stagnantes, oligotrophes … m‚sotrophes avec v‚g‚tation des Littorelletea uniflorae et/ou des Isoeto-Nanojuncetea
28;23960;;<em>Cirsio rufescentis - Aconitetum pyrenaici</em> Villar & Benito 2003;;;;8;2835;6430;"M‚gaphorbiaies hygrophiles d&#39;ourlets planitiaires et des ‚tages montagnard … alpin"
28;23973;;<em>Cicerbito alpinae - Adenostyletum alliariae</em> (Beger 1922) Braun-Blanq. 1950;;;;8;2835;6430;"M‚gaphorbiaies hygrophiles d&#39;ourlets planitiaires et des ‚tages montagnard … alpin"
28;23975;;<em>Hugueninio tanacetifoliae - Adenostyletum alliariae</em> Lacoste ex de Foucault & Lacoste 2013;;;;8;2835;6430;"M‚gaphorbiaies hygrophiles d&#39;ourlets planitiaires et des ‚tages montagnard … alpin"
28;24000;;<em>Polygalo vulgaris - Nardetum strictae</em> Oberd. 1957;;;;8;2797;6230;Formations herbeuses … Nardus, riches en espŠces, sur substrats siliceux des zones montagnardes (et des zones submontagnardes de l'Europe continentale)
28;24025;;<em>Brizo mediae - Agrostietum capillaris</em> Th‚baud 2006;;;;8;2797;6230;Formations herbeuses … Nardus, riches en espŠces, sur substrats siliceux des zones montagnardes (et des zones submontagnardes de l'Europe continentale)
28;24034;;<em>Daphno cneori - Nardetum strictae</em> Ritter 1972;;;;8;2797;6230;Formations herbeuses … Nardus, riches en espŠces, sur substrats siliceux des zones montagnardes (et des zones submontagnardes de l'Europe continentale)
28;24039;;<em>Endressio pyrenaicae - Nardetum strictae</em> Vigo 1972;;;;8;2797;6230;Formations herbeuses … Nardus, riches en espŠces, sur substrats siliceux des zones montagnardes (et des zones submontagnardes de l'Europe continentale)
28;24042;;<em>Botrychio lunariae - Nardetum strictae</em> Peeters & Vanden Berghen 1981;;;;8;2797;6230;Formations herbeuses … Nardus, riches en espŠces, sur substrats siliceux des zones montagnardes (et des zones submontagnardes de l'Europe continentale)
28;23853;;<em>Dicrano bergeri - Callunetum vulgaris</em> Th‚baud & P‚tel 2008;;;;8;2826;7120;TourbiŠres hautes d‚grad‚es encore susceptibles de r‚g‚n‚ration naturelle
28;23854;;<em>Eriophoro vaginati - Trichophoretum cespitosi</em> Osvald 1923;;;;8;2821;7110;TourbiŠres hautes actives
28;23857;;<em>Carici nigrae - Sphagnetum magellanici</em> Bick 1985 nom. mut.;;;;8;2821;7110;TourbiŠres hautes actives
28;24134;;<em>Ranunculo ophioglossifolii - Oenanthetum fistulosae</em> de Foucault 2008;;;;8;2661;1410;Pr‚s-sal‚s m‚diterran‚ens (Juncetalia maritimi)
28;24302;;<em>Charetum strigosae</em> Dambska 1966;;;;8;2757;3140;Eaux oligo-m‚sotrophes calcaires avec v‚g‚tation benthique … Chara spp.
28;24313;;<em>Charetum fragilis</em> Corill. 1949;;;;8;2767;3260;RiviŠres des ‚tages planitiaire … montagnard avec v‚g‚tation du Ranunculion fluitantis et du Callitricho-Batrachion
28;24318;;<em>Charetum canescentis</em> Corill. 1957;;;;8;2662;1340;Pr‚s-sal‚s int‚rieurs
28;24324;;<em>Calicotomo spinosae - Cistetum ladaniferi</em> Loisel 1971;;;;8;2657;1240;Falaises avec v‚g‚tation des c“tes m‚diterran‚ennes avec Limonium spp. end‚miques
28;24330;;<em>Lavandulo stoechadis - Cistetum monspeliensis</em> Braun-Blanq., Molin. & Wagner ex Arrigoni, Di Tomaso, Camarda & Satta 1996;;;;8;2657;1240;Falaises avec v‚g‚tation des c“tes m‚diterran‚ennes avec Limonium spp. end‚miques
28;20789;;<em>Teucrio scorodoniae - Cytisetum purgantis</em> Billy 1997;;;;8;2809;5120;Formations montagnardes … Cytisus purgans
28;24336;;<em>Junco acutiflori - Angelicetum sylvestris</em> Botineau et al. 1985;;;;8;2835;6430;"M‚gaphorbiaies hygrophiles d&#39;ourlets planitiaires et des ‚tages montagnard … alpin"
28;24378;;<em>Urtico dioicae - Phalaridetum arundinaceae</em> Schmidt 1981;;;;8;2835;6430;"M‚gaphorbiaies hygrophiles d&#39;ourlets planitiaires et des ‚tages montagnard … alpin"
28;24387;;<em>Petasitetum hybridi</em> Oberd. 1949 emend. Kopeckì 1969;;;;8;2835;6430;"M‚gaphorbiaies hygrophiles d&#39;ourlets planitiaires et des ‚tages montagnard … alpin"
28;24388;;<em>Urtico dioicae - Convolvuletum sepium</em> G”rs & Th. Mll. 1969;;;;8;2835;6430;"M‚gaphorbiaies hygrophiles d&#39;ourlets planitiaires et des ‚tages montagnard … alpin"
28;24391;;<em>Cochleario aestuariae - Oenanthetum crocatae</em> Bioret et al. 1995;;;;8;2835;6430;"M‚gaphorbiaies hygrophiles d&#39;ourlets planitiaires et des ‚tages montagnard … alpin"
28;24392;;<em>Senecioni aquatici - Oenanthetum crocatae</em> Lazare & Bioret 2006;;;;8;2835;6430;"M‚gaphorbiaies hygrophiles d&#39;ourlets planitiaires et des ‚tages montagnard … alpin"
28;26463;;<em>Junipero communis - Franguletum alni </em> B. Foucault 2014;;;;8;2807;5130;Formations … Juniperus communis sur landes ou pelouses calcaires
28;24098;;<em>Ophioglosso azorici - Iso‰tetum histricis</em> de Foucault 1988;;;;8;2704;3120;Eaux oligotrophes trŠs peu min‚ralis‚es sur sols g‚n‚ralement sableux de l'ouest m‚diterran‚en … Isoetes spp.
28;24106;;<em>Lythro portulae - Ludwigietum palustris</em> Robbe ex J.-M. Royer, Felzines, Misset & Th‚venin 2006;;;;8;2756;3130;Eaux stagnantes, oligotrophes … m‚sotrophes avec v‚g‚tation des Littorelletea uniflorae et/ou des Isoeto-Nanojuncetea
28;24411;;<em>Myosuro minimi - Bulliardetum vaillantii</em> Braun-Blanq. 1936;;;;8;2760;3170;Mares temporaires m‚diterran‚ennes
28;24426;;<em>Agrostio pourretii - Juncetum capitati</em> (Barbero 1965) de Foucault 2013;;;;8;2756;3130;Eaux stagnantes, oligotrophes … m‚sotrophes avec v‚g‚tation des Littorelletea uniflorae et/ou des Isoeto-Nanojuncetea
28;23872;;<em>Pseudognaphalio luteoalbi - Exaculetum pusilli</em> J.-M. Royer in J.-M. Royer, Felzines, Misset & Th‚venin 2006;;;;8;2756;3130;Eaux stagnantes, oligotrophes … m‚sotrophes avec v‚g‚tation des Littorelletea uniflorae et/ou des Isoeto-Nanojuncetea
28;24260;;<em>Salicetum auritae x bicoloris</em> (Issler 1925) Boeuf & Simler in Boeuf 1911;;;;8;2698;4080;Fourr‚s de Salix spp. subarctiques
28;24450;;<em>Parapholido strigosae - Hordeetum marini</em> G‚hu, Caron & Bon ex G‚hu & de Foucault 1978;;;;8;2706;1310;V‚g‚tations pionniŠres … Salicornia et autres espŠces annuelles des zones boueuses et sableuses
28;26437;;<em>Potentillo dubiae - Gnaphalietum hoppeani</em> Braun-Blanq. 1948;;;;8;2869;6170;Pelouses calcaires alpines et subalpines
28;26438;;<em>Primulo integrifoliae - Salicetum reticulatae</em> Corriol 2014;;;;8;2869;6170;Pelouses calcaires alpines et subalpines
28;24417;;<em>Antinorio insularis - Lythretum borysthenici</em> de Foucault, Paradis, Lorenzoni-Pietri, Pozzo di Borgo & Sorba 2013;;;;8;2760;3170;Mares temporaires m‚diterran‚ennes
28;23849;;<em>Sphagno tenelli - Trichophoretum cespitosi</em> Osvald 1925;;;;8;2821;7110;TourbiŠres hautes actives
28;24367;;<em>Eupatorio cannabini - Convolvuletum sepium</em> G”rs 1974;;;;8;2835;6430;"M‚gaphorbiaies hygrophiles d&#39;ourlets planitiaires et des ‚tages montagnard … alpin"
28;24097;;<em>Chamaemelo nobilis - Iso‰tetum histricis</em> Bioret in de Foucault 2013;;;;8;2704;3120;Eaux oligotrophes trŠs peu min‚ralis‚es sur sols g‚n‚ralement sableux de l'ouest m‚diterran‚en … Isoetes spp.
28;24078;;<em>Gnaphalio supini - Sibbaldietum procumbentis</em> Gamisans 1977;;;;8;2869;6170;Pelouses calcaires alpines et subalpines
28;24154;;<em>Dorycnio gracilis - Festucetum arundinaceae</em> (Molin. & Devaux 1978) de Foucault 2012;;;;8;2834;6420;Prairies humides m‚diterran‚ennes … grandes herbes du Molinio-Holoschoenion
28;23877;;<em>Centunculo minimi - Anthocerotetum punctati</em> W. Koch ex Moor 1936;;;;8;2756;3130;Eaux stagnantes, oligotrophes … m‚sotrophes avec v‚g‚tation des Littorelletea uniflorae et/ou des Isoeto-Nanojuncetea
28;23894;;<em>gr. … Centaurium maritimum - Blackstonia acuminata</em> Georgen, 1982;;;;8;2756;3130;Eaux stagnantes, oligotrophes … m‚sotrophes avec v‚g‚tation des Littorelletea uniflorae et/ou des Isoeto-Nanojuncetea
28;23924;;<em>Littorello uniflorae - Isoetetum velatae</em> Paradis & Pozzo di Borgo 2005;;;;8;2703;3110;Eaux oligotrophes trŠs peu min‚ralis‚es des plaines sablonneuses (Littorelletalia uniflorae)
28;23929;;<em>Scirpo americani - Hypericetum elodis</em> Vanden Berghen 1969;;;;8;2703;3110;Eaux oligotrophes trŠs peu min‚ralis‚es des plaines sablonneuses (Littorelletalia uniflorae)
28;23931;;<em>Apio inundati - Littorelletum uniflorae</em> Fr”de ex Passarge 1999;;;;8;2703;3110;Eaux oligotrophes trŠs peu min‚ralis‚es des plaines sablonneuses (Littorelletalia uniflorae)
28;23934;;<em>Samolo valerandi - Littorelletum uniflorae</em> Westhoff 1947;;;;8;2666;2190;D‚pressions humides intradunales
28;23941;;<em>Deschampsietum rhenanae</em> Oberd. ex Dierssen 1975;;;;8;2756;3130;Eaux stagnantes, oligotrophes … m‚sotrophes avec v‚g‚tation des Littorelletea uniflorae et/ou des Isoeto-Nanojuncetea
28;23946;;<em>Callitricho palustris - Sparganietum angustifolii</em> Braun-Blanq. ex Oberd. 1957;;;;8;2756;3130;Eaux stagnantes, oligotrophes … m‚sotrophes avec v‚g‚tation des Littorelletea uniflorae et/ou des Isoeto-Nanojuncetea
28;23958;;<em>Knautio arvernensis - Imperatorietum ostruthii</em> de Foucault & Gruber 2013;;;;8;2835;6430;"M‚gaphorbiaies hygrophiles d&#39;ourlets planitiaires et des ‚tages montagnard … alpin"
28;23976;;<em>Myrrhido odoratae - Adenostyletum alliariae</em> Braun-Blanq. 1969;;;;8;2835;6430;"M‚gaphorbiaies hygrophiles d&#39;ourlets planitiaires et des ‚tages montagnard … alpin"
28;23991;;<em>Agrostietum capillari - curtisii</em> Wattez & Godeau ex de Foucault 1993;;;;8;2797;6230;Formations herbeuses … Nardus, riches en espŠces, sur substrats siliceux des zones montagnardes (et des zones submontagnardes de l'Europe continentale)
28;24001;;<em>Galio saxatilis - Festucetum rubrae</em> Oberd. 1957;;;;8;2797;6230;Formations herbeuses … Nardus, riches en espŠces, sur substrats siliceux des zones montagnardes (et des zones submontagnardes de l'Europe continentale)
28;24010;;<em>Thymo pulegioidis - Festucetum rubrae</em> Oberd. & G”rs in G”rs 1968;;;;8;2797;6230;Formations herbeuses … Nardus, riches en espŠces, sur substrats siliceux des zones montagnardes (et des zones submontagnardes de l'Europe continentale)
28;24022;;<em>Violo luteae - Nardetum strictae</em> (Issler 1927) Oberd. 1957;;;;8;2797;6230;Formations herbeuses … Nardus, riches en espŠces, sur substrats siliceux des zones montagnardes (et des zones submontagnardes de l'Europe continentale)
28;24036;;<em>Festuco rubrae - Nardetum strictae</em> Braun-Blanq. 1926;;;;8;2797;6230;Formations herbeuses … Nardus, riches en espŠces, sur substrats siliceux des zones montagnardes (et des zones submontagnardes de l'Europe continentale)
28;24038;;<em>Potentillo aureae - Nardetum strictae</em> Braun-Blanq. 1950 emend. Rivas-Mart. & G‚hu 1978;;;;8;2797;6230;Formations herbeuses … Nardus, riches en espŠces, sur substrats siliceux des zones montagnardes (et des zones submontagnardes de l'Europe continentale)
28;24043;;<em>Trifolio thalii - Nardetum strictae</em> Rivas-Mart. et al. 1991;;;;8;2797;6230;Formations herbeuses … Nardus, riches en espŠces, sur substrats siliceux des zones montagnardes (et des zones submontagnardes de l'Europe continentale)
28;24067;;<em>Galeopsio pyrenaicae - Festucetum eskiae</em> NŠgre 1974;;;;8;2860;6140;Pelouses pyr‚n‚ennes siliceuses … Festuca eskia
28;24151;;<em>Carici divisae - Lolietum perennis</em> de Foucault 2008;;;;8;2661;1410;Pr‚s-sal‚s m‚diterran‚ens (Juncetalia maritimi)
28;24159;;<em>Agrostio stoloniferae - Caricetum vikingensis</em> G‚hu 1982;;;;8;2656;1230;Falaises avec v‚g‚tation des c“tes atlantiques et baltiques
28;24164;;<em>Apio graveolentis - Rumicetum rupestris</em> (G‚hu & G‚hu-Franck 1969) Bioret & G‚hu 2002;;;;8;2656;1230;Falaises avec v‚g‚tation des c“tes atlantiques et baltiques
28;24175;;<em>Ophioglosso vulgati - Oenanthetum pimpinelloidis</em> Hofstra 1995;;;;8;2839;6510;Prairies de fauche de basse altitude (Alopecurus pratensis, Sanguisorba officinalis)
28;24284;;<em>Nitelletum flexilis</em> Corill. 1957;;;;8;2767;3260;RiviŠres des ‚tages planitiaire … montagnard avec v‚g‚tation du Ranunculion fluitantis et du Callitricho-Batrachion
28;24285;;<em>Nitelletum capillaris</em> Corill. 1957;;;;8;2757;3140;Eaux oligo-m‚sotrophes calcaires avec v‚g‚tation benthique … Chara spp.
28;24286;;<em>Nitelletum gracilis</em> Corill. 1957;;;;8;2757;3140;Eaux oligo-m‚sotrophes calcaires avec v‚g‚tation benthique … Chara spp.
28;24296;;<em>Tolypelletum glomeratae</em> Corill. 1957;;;;8;2711;1150;Lagunes c“tiŠres
28;24318;;<em>Charetum canescentis</em> Corill. 1957;;;;8;2711;1150;Lagunes c“tiŠres
28;24333;;<em>Lavandulo stoechadis - Cistetum salviifolii</em> Paradis et al. 2006;;;;8;2671;2260;Dunes … v‚g‚tation scl‚rophylle des Cisto-Lavanduletalia
28;20790;;<em>Pino uncinatae - Cytisetum oromediterranei</em> B. Foucault, Lazare & Bioret 2014;;;;8;2809;5120;Formations montagnardes … Cytisus purgans
28;24337;;<em>Athyrio filicis-feminae - Phalaridetum arundinaceae</em> Labadille 2000;;;;8;2835;6430;"M‚gaphorbiaies hygrophiles d&#39;ourlets planitiaires et des ‚tages montagnard … alpin"
28;24343;;<em>Euphorbio villosae - Filipenduletum ulmariae</em> de Foucault 2008;;;;8;2835;6430;"M‚gaphorbiaies hygrophiles d&#39;ourlets planitiaires et des ‚tages montagnard … alpin"
28;24346;;<em>Symphyto officinalis - Scrophularietum auriculatae</em> Julve 1994;;;;8;2835;6430;"M‚gaphorbiaies hygrophiles d&#39;ourlets planitiaires et des ‚tages montagnard … alpin"
28;24372;;<em>Epilobio hirsuti - Equisetetum telmateiae</em> de Foucault in Royer et al. 2006;;;;8;2835;6430;"M‚gaphorbiaies hygrophiles d&#39;ourlets planitiaires et des ‚tages montagnard … alpin"
28;24375;;<em>Epilobio hirsuti - Convolvuletum sepium</em> Hilbig et al. 1972;;;;8;2835;6430;"M‚gaphorbiaies hygrophiles d&#39;ourlets planitiaires et des ‚tages montagnard … alpin"
28;24379;;<em>Cuscuto europaeae - Brassicetum nigrae</em> Volk ex Oberd. 1957;;;;8;2835;6430;"M‚gaphorbiaies hygrophiles d&#39;ourlets planitiaires et des ‚tages montagnard … alpin"
28;24384;;<em>Cuscuto europaeae - Convolvuletum sepium</em> Txen 1947 emend. Kopeckì 1969;;;;8;2835;6430;"M‚gaphorbiaies hygrophiles d&#39;ourlets planitiaires et des ‚tages montagnard … alpin"
28;24390;;<em>Convolvulo sepium - Angelicetum heterocarpae</em> G‚hu & G‚hu-Franck 1978;;;;8;2835;6430;"M‚gaphorbiaies hygrophiles d&#39;ourlets planitiaires et des ‚tages montagnard … alpin"
28;24096;;<em>Romuleo columnae - Iso‰tetum histricis</em> Bioret in de Foucault 2013;;;;8;2704;3120;Eaux oligotrophes trŠs peu min‚ralis‚es sur sols g‚n‚ralement sableux de l'ouest m‚diterran‚en … Isoetes spp.
28;24108;;<em>Chenopodio rubri - Coleanthetum subtilis</em> Le Bail, Lacroix, Magnanon & de Foucault 2013;;;;8;2756;3130;Eaux stagnantes, oligotrophes … m‚sotrophes avec v‚g‚tation des Littorelletea uniflorae et/ou des Isoeto-Nanojuncetea
28;24406;;<em>Junco hybridi - Lythretum tribracteati</em> Terrisse 1996;;;;8;2756;3130;Eaux stagnantes, oligotrophes … m‚sotrophes avec v‚g‚tation des Littorelletea uniflorae et/ou des Isoeto-Nanojuncetea
28;24409;;<em>Lythro portulae - Damasonietum alismatis</em> de Foucault 1988;;;;8;2756;3130;Eaux stagnantes, oligotrophes … m‚sotrophes avec v‚g‚tation des Littorelletea uniflorae et/ou des Isoeto-Nanojuncetea
28;23867;;<em>Molineriello minutae - Juncetum fasciculati</em> (Poirion & Barbero 1966) de Foucault 2013;;;;8;2756;3130;Eaux stagnantes, oligotrophes … m‚sotrophes avec v‚g‚tation des Littorelletea uniflorae et/ou des Isoeto-Nanojuncetea
28;23870;;<em>Lythro thymifolii - Juncetum capitati</em> (Braun-Blanq. 1936) de Foucault 2013;;;;8;2760;3170;Mares temporaires m‚diterran‚ennes
28;24258;;<em>Salicetum caesio - foetidae</em> Braun-Blanq. 1967 corr. Gutermann & Mucina in Karner & Mucina 1993;;;;8;2698;4080;Fourr‚s de Salix spp. subarctiques
28;26434;;<em>Arabidetum caeruleae</em> Braun-Blanq. 1918;;;;8;2869;6170;Pelouses calcaires alpines et subalpines
28;26436;;<em>Salici herbaceae - Ranunculetum alpestris</em> Chouard 1943;;;;8;2869;6170;Pelouses calcaires alpines et subalpines
28;24397;;<em>Eryngio barrelieri - Iso‰tetum velatae</em> (Pottier-Alapetite 1952) de Foucault 1988;;;;8;2760;3170;Mares temporaires m‚diterran‚ennes
28;24012;;<em>Carici trinervis - Nardetum strictae</em> de Foucault et al. 1978;;En croisement avec 2130.;;8;2797;6230;Formations herbeuses … Nardus, riches en espŠces, sur substrats siliceux des zones montagnardes (et des zones submontagnardes de l'Europe continentale)
28;23895;;<em>Gentiano uliginosae - Erythraeetum littoralis</em> Braun-Blanq. & De Leeuw 1936;;;;8;2666;2190;D‚pressions humides intradunales
28;23895;;<em>Gentiano uliginosae - Erythraeetum littoralis</em> Braun-Blanq. & De Leeuw 1936;;;;8;2756;3130;Eaux stagnantes, oligotrophes … m‚sotrophes avec v‚g‚tation des Littorelletea uniflorae et/ou des Isoeto-Nanojuncetea
